1.65955;-7.98441;-1.28891;-7.64802;-4.24578;-0.659024;-2.40506;-4.17476;-9.58611;-7.41873;-2.76077;2.09869;-6.89636;-3.32883;-7.41367;-6.29613;-11.6832;-4.31329;-6.98494;-6.62547;-7.20589;-10.0524;-7.24417;-8.32701;1.19374;-6.87291;-2.93295;-3.88327;-2.95066;-12.8463;-1.66518;-3.4563;-7.2081;-3.06747;-6.13321;-7.35168;-7.74489;-7.48887;-0.204774;-4.68685;-9.894;-4.88168;-5.32721;-6.28148;-6.80916;-4.30362;-8.51347;-7.38311;-3.00338;-6.51089;-7.44267;-10.7816;-5.70201;-8.12602;-8.35928;-3.9909;-5.40412;-5.10073;-1.20438;-2.89288;-4.70663;0.191601;-2.56105;-2.71;-4.38343;-5.67218;-2.16548;-3.21081;-5.34139;-4.31317;-2.46976;-2.58048;-4.13418;-3.53356;-6.1336;-5.4779;-0.0948235;-4.27534;-2.01957;-4.24162;-4.4653;-5.18725;-5.93048;-10.5134;-6.09365;-5.88926;-8.37038;-9.37943;-9.98396;-9.42826;-9.47015;-9.0734;-9.99924;9.70422;
-1.65642;-7.56425;-4.46472;-8.76579;-6.22406;-2.87539;-5.66728;-6.18507;-11.2693;-9.46142;-4.0593;-2.87508;-7.56612;-4.03692;-8.77809;-6.30192;-12.5743;-6.03742;-6.43327;-6.89867;-11.0803;-12.1332;-9.75631;-10.1258;-2.82304;-8.2861;-4.82006;-5.38726;-3.84683;-15.2556;0.956536;-4.29955;-8.41114;-5.73126;-7.30402;-5.85735;-10.2287;-6.56126;2.25441;-2.84075;-7.18717;-2.20484;-2.97013;-5.07065;-7.11689;-2.20834;-9.57428;-4.8411;2.34615;-5.18764;-8.86249;-11.4892;-5.2981;-8.83939;-11.21;-8.41867;-7.74492;-5.88661;-0.820573;-2.25555;-2.34003;0.951768;-2.51689;-4.96439;-4.78042;-5.02651;-2.24621;-4.3647;-5.20286;-3.1013;-1.60258;-1.86618;-5.44056;-5.20169;-9.99771;-5.51473;3.29303;-3.45257;-2.07752;-4.22077;-5.74546;-6.54152;-6.41534;-11.7432;-7.60662;-5.98796;-9.92017;-11.2535;-11.3442;-10.5527;-11.2419;-10.9403;-10.8495;6.11145;
-0.855245;-5.99225;-5.88669;-8.26989;-6.16754;-0.916347;-5.21004;-4.14926;-8.93814;-6.68214;-2.63664;-5.0897;-5.4085;-4.20176;-7.96875;-2.95389;-10.9132;-6.58391;-5.14109;-4.97827;-10.1952;-10.3498;-10.5572;-10.4152;-2.02669;-5.65694;-5.88111;-5.82065;-2.23563;-13.8423;-0.938436;-4.71043;-9.3837;-6.50868;-7.49005;-6.09106;-8.05249;-7.40846;3.38813;-1.2762;-6.3706;-4.51761;-2.83594;-1.66586;-6.88877;-0.257152;-10.6634;-5.68944;3.77274;-4.03111;-8.96934;-9.52205;-6.01525;-7.04498;-10.9239;-6.86998;-5.36705;-5.90454;-1.59994;-4.54306;0.0276594;-1.36014;-0.580696;-6.24703;-5.42514;-7.39415;-0.261326;-1.90509;-6.43393;-3.44071;-2.13065;-1.67719;-6.87184;-5.2854;-10.548;-2.98388;5.72662;-3.52895;-2.93671;-6.45506;-7.32119;-6.2536;-5.08137;-12.1299;-6.0339;-7.66019;-7.96704;-9.7928;-10.2917;-9.67811;-10.0872;-9.57855;-10.0332;1.42885;
2.18648;-11.7401;-4.82549;-12.3011;-11.7781;-1.39049;-6.64933;-7.66037;-12.1819;-9.93799;-3.15778;-4.70232;-3.14224;-7.17333;-9.15473;-5.21553;-11.2163;-10.1647;-6.79671;-8.15599;-13.8452;-12.5251;-13.1791;-12.8159;-1.85297;-6.55302;-6.19998;-7.48923;-3.49884;-18.0686;-4.99288;-9.31212;-10.9562;-10.783;-9.35902;-10.637;-11.4475;-11.6921;-3.0506;-6.82649;-12.3357;-9.62045;-6.03795;-4.41552;-10.2249;-5.11249;-15.1676;-9.47956;-2.43606;-8.15639;-9.68443;-13.451;-8.32245;-10.219;-13.6982;-8.7939;-9.4046;-8.94989;-3.16589;-10.3429;-0.436613;-3.90902;2.03152;-8.57762;-5.68252;-6.64109;-1.33377;-4.4458;-7.89064;-4.81522;-3.56854;-1.54709;-6.8049;-5.10019;-10.6168;-2.23693;3.04541;-3.44848;-2.53184;-8.72107;-7.47382;-8.98898;-6.36962;-14.9195;-7.55981;-11.2229;-11.1702;-12.7564;-13.5364;-13.4803;-13.7357;-12.8835;-14.0079;7.9425;
0.0155705;-16.2159;-6.64516;-16.8331;-14.1819;-7.77415;-10.5003;-11.0621;-13.9291;-14.0455;-6.75014;-4.53402;-4.81642;-10.0054;-8.13585;-7.58083;-13.2992;-11.0036;-8.70096;-9.31418;-18.2763;-15.9993;-15.1653;-13.2175;-4.84972;-11.0801;-6.2446;-9.08351;-7.34082;-21.0368;-2.15988;-8.82583;-12.3864;-13.0514;-9.51463;-13.554;-14.0783;-12.8823;-7.4478;-9.53409;-12.0723;-13.923;-3.98304;-6.52381;-9.96817;-9.96135;-19.1774;-9.89668;-4.77247;-10.4566;-7.87653;-15.3442;-9.67203;-13.6646;-14.5968;-12.8932;-14.5532;-9.13697;0.656519;-11.0975;1.88267;-2.4359;3.44349;-8.86991;-3.79096;-6.20016;-1.09974;-7.13564;-8.09939;-4.42843;-2.1251;0.644433;-2.83067;-3.62725;-10.2407;-1.34226;3.65787;-2.73108;1.13234;-7.8118;-4.74468;-9.14892;-8.45293;-15.744;-10.0317;-16.7072;-14.7696;-13.6685;-14.3629;-15.2809;-14.5252;-15.0059;-15.3333;8.18784;
-1.82108;-13.1008;-4.92476;-12.7521;-8.06883;-9.02767;-8.73513;-6.54667;-8.3256;-9.12123;-6.25106;-1.67197;-3.8828;-6.3762;-3.44742;-8.40542;-7.31686;-7.21563;-5.81763;-7.28954;-16.4279;-11.0411;-12.1251;-8.57744;-3.25857;-7.85201;-3.44639;-4.84137;-4.30829;-15.4654;0.378944;-6.84421;-9.91319;-6.73248;-8.3709;-11.608;-12.0087;-9.17552;-7.29538;-9.35831;-8.1777;-10.8539;-2.74131;-6.23051;-6.68544;-12.4705;-15.2194;-7.08534;-6.59184;-9.59099;-3.64985;-13.3262;-7.40938;-8.75113;-10.8658;-11.1526;-10.5527;-3.83825;7.80729;-7.06129;3.58173;-1.30994;4.85533;-5.70709;-1.53672;-6.22353;1.55009;-8.70524;-4.05968;-4.47443;-0.4845;3.05887;-0.540134;1.69943;-6.09069;0.922609;3.57271;-1.89471;4.72692;-4.08434;-2.66023;-0.113446;-4.45538;-8.88162;-7.12665;-12.4239;-11.4982;-7.79675;-8.71825;-9.41584;-8.26053;-8.88336;-9.64727;0.720045;
-1.74388;-15.8204;-4.80984;-15.8652;-13.1605;-7.35808;-10.1343;-5.01052;-12.8988;-13.4027;-7.47539;-3.64044;-4.75791;-7.33688;-7.65062;-10.4423;-11.8804;-10.8357;-9.08627;-11.2507;-18.3647;-13.0735;-15.0174;-10.8323;-2.20709;-8.26768;-4.94261;-8.25192;-6.4594;-18.7207;-5.46661;-11.2128;-10.5932;-7.5813;-13.0549;-14.3621;-13.2674;-13.4395;-8.9663;-13.1205;-12.3004;-14.8416;-6.00641;-9.21544;-8.54776;-13.0663;-19.6936;-9.96887;-9.03163;-11.0128;-7.60437;-19.9859;-9.33737;-11.9422;-11.2827;-13.6249;-10.7272;-8.97414;1.63842;-11.0247;2.10075;-1.21564;1.91301;-4.76942;-1.56376;-6.12482;-0.399333;-7.15575;-4.48439;-4.69835;-3.59494;1.48882;-4.03274;2.39488;-8.17862;-2.60537;5.35354;-2.90939;2.96537;-7.71502;-5.62079;-1.80421;-3.66426;-9.23202;-10.9327;-13.758;-14.4477;-13.0413;-14.0132;-14.2809;-13.1578;-13.0672;-14.9965;10.6026;
-4.7659;-13.5438;-5.82891;-14.6167;-12.7471;-5.83048;-10.6895;-3.51332;-12.3076;-12.5592;-4.86615;-3.90614;-5.93706;-5.93226;-8.84027;-9.61778;-13.5211;-10.5608;-10.3865;-8.96703;-15.0888;-11.978;-14.7345;-11.0474;-3.42666;-8.17916;-5.7251;-8.51358;-7.29814;-20.0242;-6.51798;-8.13765;-9.97388;-7.51024;-12.505;-9.50251;-12.9656;-12.984;-8.02878;-9.5826;-11.1853;-11.673;-4.18063;-8.48636;-7.89573;-7.58335;-18.8811;-6.83597;-3.32749;-7.21209;-10.8539;-19.6751;-10.4929;-12.2171;-12.1627;-12.2848;-9.56158;-9.57898;-2.43984;-6.97276;0.988143;1.21964;0.213678;-1.52945;1.65301;-1.84632;-5.21792;-5.37472;-3.16301;-2.97153;-2.84275;-0.996687;-1.32828;6.56796;-7.30588;-1.28027;7.73751;1.96855;0.844954;-7.18046;-3.93399;-3.47408;-4.74114;-8.329;-10.3459;-11.1802;-13.4565;-13.0085;-13.5156;-14.0047;-13.2836;-12.5458;-13.6417;8.80009;
-4.82889;-8.86657;-6.06632;-9.3298;-9.16949;-6.47767;-6.92007;-2.97382;-8.54655;-9.64141;-1.85029;-4.92068;-4.79537;-0.330863;-8.92602;-9.03117;-11.1611;-9.80839;-8.00063;-6.60689;-10.0581;-8.90604;-13.002;-11.4096;-1.86181;-5.30691;-3.32868;-5.77886;-3.80036;-17.1365;-5.79995;-5.74692;-6.91629;-5.46568;-9.62539;-4.8551;-11.935;-10.5021;-5.09858;-5.94557;-8.24875;-7.27645;-0.713396;-4.73418;-7.91641;-4.59041;-14.3418;-4.85562;-1.54249;-5.95265;-10.2359;-15.7698;-10.3907;-7.39295;-9.82255;-7.91123;-5.99925;-9.20586;-1.19012;-2.16075;0.632585;2.42315;1.39189;3.02801;0.523718;5.36558;-4.93437;-4.37428;2.5131;1.05055;-1.5224;-0.265976;-1.80738;10.3419;-6.2164;0.0883788;7.39458;6.31779;0.0368849;-4.21817;-3.40157;-2.29634;-2.34834;-3.77851;-7.39147;-7.89433;-9.99792;-9.41893;-9.91674;-10.2903;-9.94283;-9.73338;-10.4885;2.35438;
-0.965002;-17.0409;-9.55449;-13.7152;-13.3076;-5.45228;-10.8551;-9.24019;-15.4778;-15.2654;-0.708546;-5.8095;-4.11739;-2.84344;-11.9461;-11.8492;-14.7792;-13.2793;-10.8918;-10.4553;-13.6515;-10.4417;-17.8309;-15.2517;-2.7605;-7.25396;-8.54817;-7.65949;-5.33722;-22.1347;-15.0194;-9.8907;-9.87801;-9.67742;-13.8306;-12.2591;-15.0821;-16.7316;-10.2352;-14.5421;-18.4179;-15.0538;-7.35228;-11.0176;-14.8585;-13.8846;-21.0459;-12.59;-9.15344;-11.0203;-16.4901;-20.3641;-13.3787;-13.1156;-14.7932;-10.1301;-10.1115;-11.9397;-1.92498;-7.48451;-4.61582;-3.87916;2.39784;-0.90666;-3.96597;1.45893;1.8011;-8.94919;-4.81344;-2.75439;-3.66699;-1.61836;0.771756;3.4948;-10.6039;0.869183;3.26753;0.23849;-2.09867;-7.33175;-6.78691;-11.29;0.122216;-12.4692;-9.92136;-11.8462;-16.2839;-15.8504;-17.7824;-16.8365;-16.9845;-16.3823;-17.248;12.9607;
-0.53844;-14.1447;-5.94366;-12.7883;-12.3346;-1.58664;-7.96805;-3.96034;-14.1399;-13.1391;-0.108859;-5.14855;-3.82596;-3.92485;-10.3492;-7.45509;-13.9214;-10.5867;-10.2178;-8.9743;-13.3058;-10.7887;-14.7708;-11.4277;-3.37139;-5.62623;-6.05088;-9.11695;-5.23362;-16.9768;-14.9885;-10.8974;-8.42675;-9.49979;-12.437;-10.1331;-11.8743;-14.3556;-10.3027;-10.3141;-16.684;-13.2409;-8.99433;-10.2516;-10.7193;-10.1257;-17.9532;-13.321;-8.31763;-8.00098;-12.9234;-17.6902;-12.2747;-13.131;-10.109;-6.95844;-7.42327;-10.3291;-2.10002;-12.4338;-4.25981;-4.08436;4.24784;1.22649;1.39275;-3.54688;8.74996e-05;-2.27385;-7.32461;-2.4544;-3.27657;-3.18656;0.0803787;4.47438;-5.00445;-1.57427;6.3419;0.556003;-2.28906;-7.9935;-7.34185;-10.3489;0.234334;-10.1608;-7.54271;-10.8237;-13.5055;-14.5135;-15.9696;-14.6586;-14.5041;-13.9505;-15.7355;12.7053;
-1.44679;-9.83263;-6.44709;-10.5493;-11.7273;-3.18995;-5.98916;-5.32893;-12.7391;-13.0884;-1.06763;-6.65276;-4.90259;-2.13498;-10.8769;-4.60823;-12.5105;-10.2977;-8.45632;-7.66368;-11.5236;-10.8919;-13.2145;-12.8188;-5.20947;-5.55848;-5.39795;-10.6199;-5.90338;-15.1473;-10.1191;-7.38288;-9.19389;-10.5547;-11.5984;-6.77236;-14.3525;-10.6313;-8.41886;-5.12687;-10.2944;-11.2766;-5.94951;-6.81679;-8.98287;-4.62814;-16.0651;-7.85291;-5.86952;-6.03901;-10.1713;-13.6214;-10.864;-11.5881;-11.29;-6.71584;-9.56622;-10.5584;-1.58809;-7.7605;-3.94273;-3.00318;1.00762;1.78258;-0.108198;2.22455;-1.59174;-2.03888;-4.73374;0.198721;-1.46741;-2.17683;0.44063;8.60542;-6.8894;-1.93461;6.80872;4.78835;-0.984729;-6.20789;-5.3454;-12.406;-1.9341;-9.96964;-6.33552;-10.5107;-11.3944;-13.2332;-13.1642;-13.5879;-12.7141;-13.0441;-14.713;9.16387;
-2.65797;-6.93423;-6.89066;-7.08441;-9.28866;-3.08221;-4.48995;-6.35284;-9.45198;-10.5763;-0.302653;-6.65377;-3.76539;0.581634;-7.79037;-4.7713;-8.10189;-7.1197;-6.55642;-4.46247;-7.70603;-6.25757;-8.89722;-10.9715;-5.00269;-4.02792;-5.25155;-7.14052;-3.63833;-10.1592;-8.31285;-6.70209;-9.34236;-9.91499;-9.69379;-6.98438;-15.093;-9.21528;-7.21091;-3.67872;-9.48853;-9.69963;-5.56652;-5.46243;-7.15011;-6.21537;-13.5499;-6.46981;-7.68958;-6.80913;-9.35095;-12.2161;-10.2722;-8.27907;-11.5471;-4.28944;-7.55307;-9.65127;2.86581;-5.3269;-3.21121;-2.75348;3.27516;1.34588;-3.1837;3.55936;2.62026;-3.32043;-3.21995;1.74247;-0.730302;-1.58126;3.34727;10.1228;-7.34477;0.805235;4.2958;5.12348;0.91808;-4.37976;-4.25828;-12.304;-1.11867;-8.0601;-3.52544;-7.93656;-9.01059;-9.23549;-9.69728;-9.26015;-9.7192;-10.2589;-11.1365;5.50872;
-1.51121;-14.4343;-10.7731;-12.1284;-12.1027;-4.37959;-7.95165;-8.92831;-14.7295;-15.1128;-1.58948;-7.93001;-2.80845;-1.65308;-10.1692;-7.68923;-11.8277;-10.2615;-10.7877;-7.70637;-10.8356;-10.2678;-10.8548;-13.4555;-7.47442;-6.93924;-10.5029;-8.50422;-4.3511;-12.9651;-13.0053;-11.656;-13.1275;-13.8125;-13.1493;-13.7692;-19.9905;-13.3315;-8.00743;-10.3255;-17.4142;-13.8093;-12.1439;-10.7932;-12.0178;-11.6707;-18.6742;-12.5178;-14.4136;-11.465;-13.4924;-16.8526;-12.193;-13.3942;-18.1528;-7.65426;-11.6845;-12.3108;3.10749;-9.07687;-5.85788;-5.82555;5.67414;-2.56921;-7.61506;-2.00332;9.39787;-7.47875;-9.12887;-1.65619;-4.57832;-3.32715;3.59761;3.28584;-13.2398;1.11723;0.378912;0.221755;2.24189;-6.46966;-6.9739;-18.0789;-3.71469;-14.8011;-6.78426;-11.0604;-14.6373;-14.4676;-16.0579;-14.7821;-15.2825;-16.1201;-16.6959;12.5037;
-2.96663;-14.8365;-8.69687;-13.5973;-11.4798;-5.00375;-8.28988;-8.95336;-14.4427;-13.415;-2.03143;-6.96513;-3.67542;-2.62983;-9.25116;-7.15967;-12.153;-9.11125;-10.212;-6.07136;-11.1835;-11.7439;-10.5104;-11.8;-7.6516;-8.2866;-9.95106;-8.40616;-4.90374;-12.5772;-9.71257;-11.2716;-14.1227;-13.9531;-11.7211;-12.2971;-19.249;-14.0366;-6.8353;-10.4322;-17.2057;-13.4376;-12.736;-10.4203;-8.55269;-12.5582;-17.6088;-14.2822;-14.2042;-11.1935;-12.99;-14.4786;-11.1146;-13.8341;-17.1953;-8.4203;-12.3888;-11.5438;3.30649;-8.01583;-2.54342;-3.90808;6.19712;-2.90713;-6.79398;-5.82173;7.81296;-8.41369;-12.5589;-1.45625;-5.73386;-5.08005;6.76991;0.778102;-10.6292;2.04824;1.6341;1.75432;2.36397;-6.10579;-8.25596;-17.8234;-4.0245;-16.0008;-6.49926;-12.6023;-14.8944;-14.3117;-14.6466;-14.3078;-14.983;-15.058;-16.3246;10.9243;
-3.01152;-13.383;-5.76392;-13.2415;-10.6724;-4.92283;-8.77016;-9.98831;-12.2593;-10.6246;-5.73711;-6.745;-4.23195;-3.175;-6.26247;-5.58512;-9.94958;-6.96841;-9.62114;-4.83466;-11.4247;-11.7763;-10.3701;-10.803;-8.81526;-10.644;-8.76442;-8.71099;-5.31943;-10.3414;-7.66548;-10.0154;-14.25;-13.2387;-8.39472;-10.0809;-17.7343;-12.5171;-6.12693;-9.6143;-15.132;-14.777;-11.285;-8.7608;-4.76026;-12.5685;-15.4972;-12.792;-12.7512;-8.91736;-11.6829;-11.5352;-9.71486;-13.0261;-14.6373;-7.98728;-11.1635;-11.3181;3.86953;-5.04648;-0.273167;-3.19327;3.96627;-4.52986;-6.2317;-5.099;5.67171;-8.17691;-13.1617;-0.121982;-3.12313;-1.83249;9.22204;-1.36734;-9.57283;4.35644;2.00816;2.22154;2.2754;-3.25638;-7.98213;-15.5961;-3.34401;-13.1043;-6.2058;-14.5757;-14.3017;-12.7648;-12.8252;-13.0643;-13.0588;-13.2231;-14.8183;9.29171;
-3.92433;-13.5789;-5.8436;-10.6006;-9.10345;-5.40317;-7.73343;-10.245;-8.90723;-9.33703;-6.60811;-6.71911;-5.23283;-4.10267;-5.37335;-5.48174;-5.74909;-3.75017;-8.73564;-4.15312;-10.1367;-9.58242;-10.076;-8.54732;-9.54156;-10.7446;-7.44585;-8.57725;-5.94521;-7.84634;-5.73314;-7.31555;-13.9563;-11.0952;-5.21049;-7.4891;-15.006;-8.23027;-3.63793;-5.92344;-11.0692;-13.9304;-8.13927;-6.02069;-3.14171;-11.209;-12.3593;-8.6455;-9.90769;-5.80831;-8.66298;-7.69458;-10.1633;-10.4034;-11.7309;-6.26483;-9.21377;-10.0992;5.08374;-0.956787;0.716263;-2.31846;3.69719;-6.04544;-4.12926;-1.99175;2.12868;-6.33903;-10.3785;0.739603;-0.533997;2.71579;9.23715;-1.3919;-8.76702;2.64961;0.339224;1.48425;2.04431;0.0801003;-8.00579;-12.0612;-2.55111;-8.19007;-4.91901;-13.3774;-12.2382;-10.0664;-10.3894;-10.8881;-9.8093;-10.6517;-12.2558;8.2766;
-3.80796;-11.7562;-5.77318;-8.07822;-7.71334;-2.91985;-7.01373;-8.82166;-5.43107;-7.27753;-3.6335;-4.38466;-4.14835;-2.81959;-4.38957;-6.11845;-1.68789;-0.923232;-5.61488;-2.49231;-7.49486;-5.27415;-8.96245;-6.98003;-7.57913;-8.60136;-6.82955;-4.50227;-3.19545;-6.09371;-6.82803;-6.02801;-13.0603;-8.18935;-4.57291;-7.84643;-12.8446;-6.39994;-4.54626;-5.10546;-9.07443;-13.1224;-6.06507;-3.99709;-3.96145;-10.057;-9.05686;-6.43941;-9.19948;-6.14452;-7.12075;-5.34176;-9.05292;-6.89932;-9.96466;-5.16355;-8.12537;-8.08553;6.29217;-0.0400084;2.66507;-2.0481;3.50848;-5.78097;-2.87446;-1.22136;3.40346;-5.09898;-8.81508;-0.306303;3.69833;7.06499;3.6357;-0.372229;-7.65029;4.01561;-0.979851;0.762755;5.67831;4.58654;-7.05378;-6.16665;0.535464;-2.0207;-3.27991;-8.64874;-8.71634;-6.46584;-7.13351;-7.15194;-6.80533;-7.19708;-8.5854;4.93657;
-2.97892;-12.2642;-6.43126;-10.2461;-8.2659;-1.13242;-8.00906;-9.43914;-8.34633;-9.70631;-3.35548;-4.57623;-3.46349;-4.10547;-6.76355;-6.16797;-4.10463;-4.13384;-5.60454;-6.33291;-7.89541;-7.84298;-10.4504;-8.65202;-6.45933;-9.38179;-8.42132;-5.58482;-4.01566;-8.58776;-8.98286;-8.74588;-12.795;-9.44772;-8.77711;-10.349;-14.9648;-8.6829;-6.73964;-7.77654;-11.7892;-13.4901;-7.28422;-5.87718;-5.01604;-11.1952;-12.4107;-8.05377;-10.4644;-8.12465;-8.93263;-7.41644;-10.0708;-8.73574;-11.365;-7.16662;-10.1149;-9.77883;3.73954;-2.36042;3.37407;-3.61972;2.84336;-5.92652;-3.91355;-2.56129;4.20002;-6.56682;-10.2146;-2.67499;2.45767;5.17478;-1.39718;-1.38155;-9.35235;1.84164;-1.4686;0.285183;5.57789;3.65207;-8.53033;-6.68712;-1.73768;-5.04577;-4.25834;-9.03052;-10.6305;-9.77157;-9.77079;-9.86767;-10.1473;-9.97077;-11.624;9.87262;
-3.90314;-11.7352;-5.66964;-11.778;-7.14486;-2.60308;-7.18995;-9.42546;-9.90269;-10.8025;-3.63833;-4.45614;-3.44528;-6.00716;-5.9431;-5.84577;-5.71985;-6.33677;-4.95818;-7.91289;-6.88596;-11.542;-9.45495;-8.33735;-7.01402;-12.4123;-7.63196;-6.57651;-6.24361;-10.6568;-6.1734;-7.41202;-11.8924;-9.0776;-9.048;-10.5956;-14.0336;-8.0067;-6.43901;-5.79087;-11.1518;-11.5134;-6.39309;-5.85064;-4.12263;-10.4895;-12.6533;-6.82361;-9.85394;-8.81393;-8.70377;-8.05582;-10.2211;-9.21822;-10.0016;-9.07939;-12.8579;-9.46651;4.9501;-1.01452;2.90923;-2.80066;2.55597;-5.92817;-3.9543;-1.29674;2.57957;-7.77618;-9.70156;-0.587246;1.08414;2.46656;-1.00076;-2.30827;-9.36681;-2.63725;-1.11364;2.01176;5.81596;2.19774;-9.86029;-7.46138;-3.70784;-8.84196;-4.79811;-9.24106;-11.4508;-11.0011;-9.7676;-10.5478;-11.2215;-10.8976;-12.9736;11.8425;
-2.67202;-8.86022;-4.54664;-10.7502;-4.8974;-2.68068;-4.12896;-7.03205;-8.4455;-8.90789;-3.60917;-4.56478;-3.22454;-5.09609;-4.05258;-4.38974;-3.63814;-7.27478;-1.36565;-7.7794;-3.6337;-10.1476;-7.94399;-6.9707;-6.65894;-11.9195;-5.30507;-7.10348;-5.22667;-8.18878;-4.38784;-8.61146;-9.65362;-8.22431;-6.13142;-9.08012;-11.7257;-8.02566;-6.95419;-7.23297;-10.857;-9.50228;-5.92439;-5.2004;-5.3575;-10.7768;-11.006;-8.27086;-11.4649;-9.25419;-6.90514;-6.52366;-8.54014;-7.1571;-8.77664;-7.58916;-12.0709;-10.4636;4.9358;1.11182;1.72034;-0.494345;4.09039;-4.83059;-5.23699;1.02342;3.49378;-10.3793;-7.64687;4.68406;-1.23171;1.61398;-4.21035;-2.1717;-10.1343;-3.72301;-3.54323;5.43603;3.82006;0.973264;-9.35693;-7.43732;-2.98561;-8.40614;-4.91954;-7.20876;-9.47226;-10.4343;-8.50281;-9.30778;-10.1625;-10.334;-12.1839;7.00925;
-3.07671;-9.71111;-6.34104;-12.1746;-5.67898;-3.22709;-5.93701;-7.86821;-10.8247;-10.0787;-3.48035;-7.26223;-2.08982;-5.0655;-2.78289;-3.98063;-4.03011;-8.78926;-2.37741;-8.11412;-3.47823;-10.8876;-7.8024;-5.13706;-7.97317;-11.8185;-6.52965;-7.77894;-5.50086;-8.56078;-7.00836;-8.51961;-7.79925;-8.87387;-6.50021;-11.5548;-10.647;-9.13497;-6.98568;-11.8811;-12.0257;-11.5187;-9.1327;-7.46491;-5.66681;-11.7131;-13.9904;-10.4143;-13.4065;-9.2909;-6.63953;-8.74925;-7.92877;-7.55883;-10.5536;-8.8672;-11.6223;-12.2724;4.12365;-1.50982;-0.284486;-1.10109;7.83386;-5.39399;-6.96026;-1.33356;6.33807;-11.6721;-8.93172;2.44962;-4.24222;0.417163;-2.09801;-5.68512;-10.3935;-3.10679;-3.66611;4.64942;2.84611;-2.66503;-8.82063;-7.32438;-2.79196;-9.38247;-6.40869;-6.85026;-11.3093;-11.982;-10.185;-11.1984;-11.6108;-11.8007;-13.4012;8.49107;
-0.111179;-13.5926;-4.52647;-13.8157;-8.44336;-4.59889;-7.7471;-8.01258;-14.0894;-10.7079;-4.10078;-4.67564;-2.17728;-8.18593;-2.71998;-5.1518;-7.48228;-9.74349;-7.43027;-8.94635;-7.0192;-11.7815;-6.94162;-5.51519;-7.47241;-12.0015;-7.79122;-7.62405;-5.22199;-10.3804;-8.71278;-10.6005;-8.18348;-10.5806;-10.0379;-14.6875;-12.459;-11.7626;-7.64235;-15.4282;-17.2727;-13.0004;-11.384;-9.25154;-7.13089;-12.6915;-16.7441;-13.6109;-14.071;-12.0442;-10.5382;-12.2491;-10.764;-10.7922;-14.3356;-11.1165;-12.2906;-11.2053;2.10728;-5.69991;-2.99254;-2.04954;4.66398;-6.76178;-6.1759;-3.54419;3.99019;-12.4655;-11.1461;0.174246;-6.0244;-3.14228;-1.18395;-7.63235;-10.201;-3.53149;-4.11603;1.62553;-0.81739;-5.01874;-9.77556;-7.65812;-4.02063;-12.2295;-7.31921;-7.54322;-12.1608;-14.6208;-12.964;-13.9601;-14.5633;-14.9632;-16.2645;12.6372;
-0.0742469;-10.2503;-1.08818;-9.93107;-6.00198;-2.56857;-5.68646;-5.81431;-10.8491;-5.41509;-4.59292;-2.03106;-1.73638;-8.45312;-0.233639;-3.91977;-5.28995;-7.7519;-7.81699;-6.43228;-4.95719;-9.84022;-4.37978;-3.30491;-6.25786;-11.277;-6.10998;-6.77654;-4.80921;-4.99261;-6.20624;-9.44415;-5.78216;-8.34916;-7.17046;-11.3363;-10.7668;-11.3671;-5.94263;-13.8546;-14.3617;-11.6429;-9.97524;-8.24696;-2.71285;-10.0094;-13.4114;-12.0049;-11.513;-9.05682;-8.05708;-8.23698;-9.28832;-8.4259;-11.6156;-8.9816;-9.54709;-8.68238;1.14495;-3.90091;-1.60755;-0.298349;2.35695;-6.80039;-4.9949;-3.45398;2.82729;-11.845;-11.1078;1.64538;-5.07644;-4.18704;-0.061273;-9.40352;-9.18356;-2.83867;-4.00233;1.26275;-4.09673;-3.61095;-8.45594;-6.20263;-3.77342;-10.146;-5.40451;-6.23629;-8.9185;-12.3187;-10.0695;-11.5576;-12.0992;-11.2313;-12.7855;9.82394;
-3.20091;-10.5035;-0.0766644;-8.49045;-3.43967;-2.71777;-7.01364;-2.30296;-8.11707;-3.08135;-4.72951;-1.75618;-1.41194;-7.25537;0.302561;-5.52243;-6.14013;-4.11215;-8.87449;-4.59221;-6.74106;-8.17857;-2.41509;-1.14884;-4.99688;-9.59881;-5.60926;-5.40678;-5.05273;-3.13255;-2.85565;-8.41542;-6.54492;-6.07747;-7.14539;-9.0738;-8.84286;-11.1061;-3.84513;-10.7736;-11.6622;-11.5021;-6.63364;-8.67143;-1.31316;-8.16164;-10.5201;-8.1399;-9.77394;-7.86513;-6.43836;-7.93194;-8.91191;-7.26383;-8.70906;-9.56534;-5.36284;-5.33499;2.29017;-1.81696;-0.0889472;2.52566;1.53763;-4.12947;-2.50382;-3.73172;0.878236;-9.31764;-11.0973;-0.555466;-3.92229;-3.46302;3.57405;-6.35829;-6.16946;-2.85969;0.520589;1.46002;-3.3191;-2.35725;-8.61057;-2.17026;-1.15753;-6.1216;-4.62753;-6.79228;-7.91109;-9.85385;-7.86794;-9.17197;-9.14883;-8.50282;-9.81645;5.57931;
-3.53318;-7.6113;0.871274;-6.48737;-2.46988;-2.18708;-5.47356;4.35702;-4.92858;-0.266028;-3.57639;0.11571;1.05319;-5.11727;-3.21827;-5.29102;-5.28692;-2.42491;-9.12272;-5.37523;-5.54406;-4.64237;-1.66928;-1.53973;-1.65141;-5.27464;-6.29961;-2.53313;-4.71057;1.12339;-1.64531;-5.28095;-6.7639;-2.50774;-6.13374;-5.07989;-7.14236;-9.22049;-4.98684;-5.359;-7.92602;-8.41234;-3.66198;-7.40176;-1.31231;-5.66721;-6.64332;-4.08413;-7.69293;-5.52485;-4.51828;-7.65702;-7.53762;-4.4577;-3.24354;-6.28107;0.373262;-2.55883;-0.887852;-2.2859;-1.34901;7.03624;-1.17344;-0.316457;-0.174239;-3.13454;-1.23028;-3.55297;-7.54427;-0.442922;-3.24434;-2.83448;-2.1733;-2.14441;-3.32964;-2.96554;0.172112;1.54374;-2.66154;-1.17386;-10.1898;-1.14589;-1.0417;-1.30873;-4.10271;-3.1221;-5.45271;-8.32779;-5.99936;-7.30016;-6.7965;-6.82618;-8.56691;5.5445;
-1.12784;-6.94143;1.23654;-5.72691;-5.32638;-2.57561;-5.21075;4.90511;-6.05623;-1.10682;-0.158275;-1.87307;3.27692;-5.09284;-3.51017;-4.62058;-6.05192;-4.16885;-9.36809;-6.93105;-6.24156;-3.90576;-3.37553;-4.02825;-1.57919;-4.13152;-6.25747;-3.67622;-3.88937;0.198327;-4.883;-5.26101;-6.99916;-3.52002;-6.78797;-4.10724;-6.78735;-8.35795;-5.30648;-4.26728;-7.18407;-6.62816;-2.9055;-7.77354;-2.4983;-4.31341;-6.28601;-4.31556;-7.49996;-3.99002;-6.02959;-8.27983;-6.17805;-5.40254;-2.28488;-6.52757;1.2034;-3.47528;-3.40826;-4.32136;-3.98316;5.00652;-1.49142;0.0640068;-0.972074;-3.14112;-3.37543;-1.85238;-6.1453;-1.27362;-2.72733;-3.18455;-5.18387;-2.98462;-3.40141;-3.6666;0.0710387;-0.737487;-3.4296;-1.31122;-8.82726;-1.84798;-1.91858;-2.33661;-3.65691;-4.11998;-6.7795;-9.06949;-7.11677;-8.23211;-7.90229;-7.823;-9.73167;7.77757;
1.57563;-6.25471;1.90514;-5.12175;-6.44419;-1.29823;-4.10286;2.78485;-6.82537;-2.78592;0.866705;-0.800613;3.19333;-5.03972;-3.48604;-4.37335;-7.43873;-5.87457;-9.78745;-7.7203;-6.20887;-3.60155;-4.8613;-5.40123;-1.14719;-2.70083;-4.8525;-3.50775;-4.16952;-1.07256;-5.58827;-6.0432;-6.12172;-4.08747;-7.1565;-4.26217;-6.42406;-6.82458;-4.69166;-4.0112;-7.43843;-5.60478;-3.35379;-7.34893;-3.61404;-4.05562;-7.06118;-4.17663;-7.02602;-3.67579;-6.24443;-7.69639;-5.409;-6.0993;-2.92225;-5.39825;0.0816479;-2.28025;-3.81761;-5.8184;-5.87154;1.36207;-1.45702;-1.02098;-0.919237;-1.717;-3.03992;-2.40396;-6.86907;-2.28251;-2.18127;-3.76063;-5.54302;-2.61913;-4.43383;-3.44751;-0.985472;-2.08261;-4.52492;-1.2557;-6.75248;-3.16931;-1.6056;-4.60454;-3.30259;-4.65257;-7.7293;-9.90736;-8.45524;-8.72778;-8.33267;-8.77331;-9.96713;11.0658;
1.1597;-6.72501;0.703023;-4.29275;-6.31634;-2.26455;-3.00026;-0.465719;-6.26275;-4.04846;0.708148;-0.0853369;2.67641;-4.53367;-3.68946;-4.83471;-6.93785;-5.66138;-8.08011;-6.66754;-4.78356;-3.69991;-5.36241;-5.57028;-1.57673;-2.76585;-4.2001;-3.79716;-4.52257;-3.30626;-4.26056;-5.18968;-5.84758;-4.9234;-5.93263;-3.97995;-5.53754;-5.30028;-4.24035;-2.70904;-6.59758;-5.90498;-3.16385;-6.49379;-4.11864;-3.56255;-7.62845;-3.53493;-6.23505;-3.53465;-6.07376;-7.50641;-5.40368;-7.0018;-3.35936;-5.37981;-2.36712;-0.947646;-2.84859;-5.71551;-5.14903;-1.21182;-1.26079;-1.83422;-0.835732;-1.18782;-2.37491;-3.0291;-6.8652;-2.10894;-1.54958;-3.29848;-4.2012;-1.96826;-5.39038;-2.35946;0.152137;-2.69164;-3.81816;-1.10834;-6.08509;-4.56527;-1.68038;-4.42754;-2.14249;-4.31234;-6.10405;-9.5492;-8.52939;-8.22368;-8.14661;-8.83349;-9.7789;10.942;
1.1845;-7.43488;-0.935504;-4.40879;-7.15067;-3.32493;-2.64714;-2.15566;-6.9041;-5.02356;-0.226381;-0.53326;3.10188;-4.90464;-4.0793;-4.95234;-6.88085;-5.47365;-7.95583;-6.38624;-5.23482;-3.95859;-5.98234;-5.72331;-1.97125;-3.47639;-4.27625;-4.04135;-5.16639;-4.30327;-4.08025;-4.90781;-6.26676;-5.99332;-5.91701;-4.67532;-6.5125;-5.14935;-3.73464;-2.64945;-6.98778;-6.44294;-4.02285;-5.98192;-4.22435;-3.89322;-8.79127;-3.60844;-6.36488;-3.84169;-6.79094;-7.62119;-5.90215;-7.45234;-4.75289;-6.05207;-3.50771;-0.836607;-2.77388;-6.03321;-4.07304;-2.04603;-0.946795;-3.04261;-1.33932;-1.59139;-2.19108;-3.8419;-6.81915;-2.55873;-2.19234;-2.74171;-2.71168;-2.26311;-6.00824;-1.90685;0.0673727;-2.92373;-4.08195;-1.17188;-5.50557;-5.37448;-1.99437;-5.37625;-2.07954;-5.05364;-6.09857;-10.2736;-9.1624;-8.8884;-9.07674;-9.7134;-10.6913;9.94997;
1.56026;-7.87088;-1.5029;-4.57326;-7.65551;-3.64423;-2.90949;-2.59477;-7.24524;-5.37495;-0.821736;-0.865513;3.08247;-5.03554;-4.46081;-5.09125;-6.71026;-5.27692;-8.07654;-6.41969;-5.5473;-4.00291;-6.24538;-5.91454;-2.26827;-4.10008;-4.38251;-4.68547;-5.30684;-4.65657;-4.37073;-4.81404;-6.64626;-6.46813;-6.26663;-4.94282;-7.24588;-5.46279;-3.61096;-2.83966;-7.35222;-6.6329;-4.41947;-6.10178;-4.30571;-4.30961;-9.32739;-3.56469;-6.38492;-4.1266;-7.03311;-7.83004;-6.20277;-7.67963;-5.16436;-6.48376;-3.87506;-0.910403;-2.64412;-6.11943;-3.62647;-2.35958;-1.07773;-3.21059;-1.80643;-1.98425;-2.12931;-4.26664;-6.54844;-2.78608;-2.15453;-2.21494;-2.39505;-2.62331;-6.32547;-1.66362;-0.047588;-2.70113;-4.00357;-1.29142;-5.05871;-5.71308;-2.32336;-5.6982;-2.09983;-5.63974;-6.35419;-10.7746;-9.58724;-9.30721;-9.60916;-10.0632;-11.0985;9.80849;
1.38207;-7.73565;-1.6295;-4.54803;-7.59468;-3.65373;-2.99994;-2.31211;-7.15352;-5.26141;-1.04139;-0.831235;2.98807;-4.90543;-4.45845;-5.05988;-6.32143;-4.82495;-7.90813;-6.22773;-5.41625;-3.76327;-6.12791;-5.65384;-2.30584;-4.13403;-4.31926;-4.9434;-5.09296;-4.48984;-4.35417;-4.4311;-6.67107;-6.4246;-6.2327;-4.78535;-7.16987;-5.32283;-3.32675;-2.71792;-7.06234;-6.44279;-4.27868;-5.80598;-3.98804;-4.29095;-9.16919;-3.2974;-6.22635;-3.99202;-6.83732;-7.62962;-6.16916;-7.52278;-4.87137;-6.61615;-3.8312;-0.689209;-2.59031;-5.94448;-3.35781;-2.40989;-1.23198;-2.9999;-1.928;-2.32319;-2.13933;-4.09364;-6.15478;-2.79987;-1.96304;-1.92605;-2.44432;-2.60035;-6.08467;-1.66529;-0.220644;-2.46524;-3.99231;-1.15121;-4.69982;-5.72889;-2.30423;-5.36714;-1.9449;-5.72908;-6.13927;-10.7562;-9.46304;-9.16084;-9.51037;-9.93154;-10.9055;9.83047;
1.21145;-7.75871;-1.86142;-4.63046;-7.56635;-3.72164;-3.20668;-2.17448;-7.22468;-5.22974;-1.24743;-0.834957;2.82141;-4.80672;-4.54243;-5.08672;-6.15512;-4.67686;-7.78948;-6.09777;-5.36168;-3.74963;-6.01194;-5.54462;-2.44282;-4.20704;-4.37005;-5.11989;-4.90681;-4.53724;-4.42174;-4.22164;-6.68236;-6.44848;-6.22867;-4.76678;-7.13447;-5.29747;-3.21176;-2.78526;-6.97267;-6.34942;-4.27958;-5.69797;-3.88808;-4.35794;-9.17307;-3.24601;-6.20716;-3.96512;-6.81459;-7.67842;-6.20478;-7.51346;-4.87059;-6.77491;-3.90077;-0.6087;-2.55602;-5.82314;-3.24117;-2.51243;-1.11537;-2.75369;-2.06621;-2.54617;-2.16959;-4.04345;-6.00453;-2.75408;-1.86315;-1.73974;-2.47331;-2.55678;-5.99506;-1.6038;-0.310898;-2.32957;-3.98209;-1.11505;-4.4138;-5.78543;-2.27368;-5.10798;-1.88397;-5.86077;-6.10415;-10.8337;-9.49943;-9.13743;-9.54997;-9.91101;-10.8409;9.78725;
1.10162;-7.80798;-2.04938;-4.77416;-7.51854;-3.75347;-3.48472;-2.07463;-7.35523;-5.25145;-1.41835;-0.874233;2.64792;-4.74074;-4.62527;-5.10998;-6.10877;-4.66417;-7.69072;-5.99905;-5.35352;-3.81271;-5.92816;-5.51446;-2.58388;-4.25122;-4.44212;-5.2767;-4.754;-4.61046;-4.50184;-4.11945;-6.66834;-6.50571;-6.18549;-4.78133;-7.11074;-5.28257;-3.18888;-2.90195;-6.92434;-6.27197;-4.33359;-5.68495;-3.91676;-4.44597;-9.22334;-3.21311;-6.19569;-4.03275;-6.81198;-7.77868;-6.202;-7.58555;-5.00074;-6.91392;-3.9483;-0.629616;-2.58771;-5.75239;-3.23959;-2.57288;-0.955917;-2.60704;-2.15866;-2.66039;-2.17188;-3.95471;-5.9583;-2.61949;-1.81894;-1.63865;-2.51686;-2.51324;-5.99467;-1.49904;-0.373618;-2.25571;-3.96922;-1.13524;-4.21856;-5.80107;-2.24892;-4.9026;-1.89309;-5.98262;-6.18303;-10.9195;-9.59545;-9.17855;-9.65298;-9.91141;-10.8455;9.82925;
0.967373;-7.78378;-2.10031;-4.89858;-7.38573;-3.77198;-3.7437;-1.96455;-7.43172;-5.2335;-1.55311;-0.929073;2.49027;-4.65376;-4.6572;-5.04223;-6.07495;-4.6898;-7.52442;-5.85371;-5.30915;-3.88118;-5.78069;-5.45451;-2.65043;-4.14682;-4.43208;-5.4078;-4.56397;-4.58466;-4.4835;-4.04038;-6.58914;-6.51218;-6.04642;-4.79763;-7.02405;-5.19337;-3.19415;-3.00399;-6.79678;-6.14919;-4.30091;-5.64411;-3.97849;-4.48967;-9.20156;-3.15629;-6.10099;-4.0939;-6.71047;-7.77592;-6.09872;-7.613;-5.12585;-6.97366;-3.88157;-0.612794;-2.68561;-5.70472;-3.26011;-2.59568;-0.817567;-2.56765;-2.11941;-2.6526;-2.1662;-3.80839;-5.90363;-2.41111;-1.81019;-1.62399;-2.56321;-2.47336;-6.00785;-1.39404;-0.386655;-2.27321;-3.92474;-1.20349;-4.06886;-5.71946;-2.21846;-4.66427;-1.89427;-6.01202;-6.23814;-10.9083;-9.62458;-9.18575;-9.71727;-9.82717;-10.8142;9.946;
0.834877;-7.80661;-2.07941;-5.04758;-7.24567;-3.83021;-3.97624;-1.89393;-7.51746;-5.23926;-1.68668;-1.03605;2.33722;-4.55798;-4.68337;-4.93269;-6.08321;-4.78784;-7.31603;-5.7301;-5.29343;-4.00725;-5.61243;-5.4276;-2.68811;-3.91678;-4.37146;-5.52816;-4.30388;-4.58969;-4.40843;-4.03036;-6.52248;-6.50274;-5.89791;-4.86186;-6.95744;-5.11068;-3.25609;-3.17279;-6.69556;-6.04061;-4.22339;-5.64294;-4.117;-4.56523;-9.18721;-3.17855;-5.96564;-4.21833;-6.60974;-7.80455;-5.97977;-7.65367;-5.32042;-7.02787;-3.79391;-0.538578;-2.83728;-5.73805;-3.30614;-2.59153;-0.686711;-2.62256;-1.98447;-2.5482;-2.14163;-3.71392;-5.873;-2.20557;-1.86398;-1.66049;-2.59765;-2.4713;-6.11345;-1.28262;-0.338699;-2.38051;-3.85267;-1.33724;-3.9854;-5.65055;-2.19901;-4.4776;-1.91659;-5.97519;-6.31322;-10.8879;-9.66889;-9.22718;-9.82412;-9.74944;-10.8262;10.1124;
0.757667;-7.90707;-2.07718;-5.23237;-7.14412;-3.91022;-4.19129;-1.87458;-7.64852;-5.31916;-1.79703;-1.16661;2.20004;-4.4741;-4.73048;-4.86502;-6.14381;-4.93165;-7.14965;-5.66237;-5.33177;-4.15352;-5.48184;-5.44949;-2.7328;-3.68163;-4.31031;-5.62316;-4.03759;-4.66849;-4.36085;-4.07037;-6.48334;-6.50425;-5.79124;-4.94688;-6.95884;-5.06518;-3.33399;-3.39509;-6.68727;-5.98747;-4.18472;-5.71923;-4.28354;-4.66163;-9.22097;-3.27101;-5.86393;-4.40301;-6.57145;-7.89688;-5.92085;-7.74975;-5.57071;-7.09735;-3.73955;-0.448909;-3.01585;-5.83396;-3.37571;-2.58212;-0.544469;-2.72536;-1.84849;-2.43163;-2.12338;-3.69584;-5.88005;-2.06087;-1.9533;-1.69177;-2.6267;-2.50265;-6.28382;-1.1426;-0.260509;-2.51818;-3.79707;-1.48886;-3.99176;-5.64809;-2.1936;-4.37529;-1.97571;-5.94784;-6.43835;-10.9101;-9.77274;-9.31636;-9.98818;-9.72676;-10.9076;10.2748;
0.735497;-7.97015;-2.10266;-5.41041;-7.05307;-3.96614;-4.40182;-1.86721;-7.78426;-5.44371;-1.83377;-1.25282;2.09074;-4.41894;-4.77795;-4.84729;-6.2137;-5.04589;-7.07125;-5.59555;-5.36241;-4.23259;-5.37655;-5.44068;-2.77699;-3.53492;-4.25539;-5.66972;-3.86934;-4.71601;-4.37012;-4.07399;-6.39507;-6.49446;-5.66943;-4.98041;-6.96002;-4.983;-3.34714;-3.56703;-6.70535;-5.95057;-4.20244;-5.80417;-4.36919;-4.69026;-9.24263;-3.31082;-5.79864;-4.53095;-6.53137;-7.91581;-5.89209;-7.8545;-5.76235;-7.11008;-3.66182;-0.374326;-3.19528;-5.90446;-3.40805;-2.59616;-0.39656;-2.82117;-1.76501;-2.35222;-2.17217;-3.68997;-5.88711;-1.98687;-2.01214;-1.68405;-2.66142;-2.53956;-6.38987;-0.998546;-0.217087;-2.62902;-3.80652;-1.60607;-4.04555;-5.63688;-2.19602;-4.28013;-2.034;-5.97534;-6.56602;-10.9302;-9.87673;-9.39012;-10.1285;-9.70149;-10.9855;10.401;
0.733626;-7.93614;-2.10962;-5.56111;-6.94904;-3.98943;-4.59513;-1.83167;-7.87914;-5.56053;-1.80061;-1.28226;2.00004;-4.39952;-4.78579;-4.83592;-6.25419;-5.10299;-7.04555;-5.49088;-5.33668;-4.23799;-5.26157;-5.35578;-2.80699;-3.4586;-4.19517;-5.66332;-3.80844;-4.70307;-4.38725;-4.02117;-6.24006;-6.44107;-5.4904;-4.95765;-6.89368;-4.83398;-3.29609;-3.6503;-6.68325;-5.88209;-4.23831;-5.83744;-4.35289;-4.64595;-9.20312;-3.25183;-5.717;-4.56111;-6.43011;-7.81416;-5.83472;-7.91894;-5.8578;-7.03261;-3.52513;-0.293562;-3.35604;-5.91891;-3.37098;-2.63077;-0.27445;-2.90315;-1.72001;-2.29595;-2.27298;-3.64948;-5.87824;-1.97382;-2.0326;-1.65056;-2.6844;-2.58262;-6.38194;-0.893599;-0.240651;-2.71826;-3.8604;-1.67631;-4.09271;-5.5531;-2.20336;-4.15541;-2.05224;-6.039;-6.64897;-10.9061;-9.92639;-9.41447;-10.2057;-9.62226;-11.0066;10.5119;
0.770058;-7.92407;-2.12185;-5.71836;-6.90143;-4.00574;-4.72432;-1.78063;-7.95887;-5.69253;-1.75436;-1.31561;1.92532;-4.41816;-4.75087;-4.84754;-6.29367;-5.14415;-7.04899;-5.42777;-5.30878;-4.23918;-5.17315;-5.28108;-2.851;-3.42297;-4.15593;-5.61512;-3.77296;-4.797;-4.4013;-4.0056;-6.13832;-6.37269;-5.35824;-4.94276;-6.83619;-4.73481;-3.24388;-3.72903;-6.71142;-5.83392;-4.3124;-5.89741;-4.30956;-4.63615;-9.17841;-3.21861;-5.6316;-4.61112;-6.35884;-7.79276;-5.79992;-7.99077;-5.9635;-6.95507;-3.43606;-0.185332;-3.47154;-5.93901;-3.32007;-2.65442;-0.189243;-2.97682;-1.71987;-2.2623;-2.35365;-3.62609;-5.89474;-2.04444;-2.06566;-1.58156;-2.66519;-2.66757;-6.354;-0.812426;-0.294897;-2.8058;-3.88899;-1.70323;-4.14005;-5.49889;-2.21776;-4.11539;-2.05491;-6.11934;-6.71197;-10.8924;-9.97274;-9.43552;-10.2866;-9.5553;-11.0235;10.5997;
0.832439;-7.9455;-2.13742;-5.87237;-6.88446;-4.02072;-4.79715;-1.70855;-8.01119;-5.83016;-1.71697;-1.36481;1.85607;-4.44966;-4.68686;-4.86848;-6.32478;-5.15713;-7.06943;-5.40097;-5.28682;-4.23813;-5.10049;-5.22811;-2.90355;-3.40484;-4.13559;-5.55643;-3.73326;-4.9668;-4.40374;-4.01693;-6.09964;-6.29471;-5.28242;-4.94135;-6.80185;-4.67934;-3.19857;-3.80022;-6.77118;-5.81097;-4.40304;-5.97493;-4.25582;-4.65379;-9.17822;-3.21453;-5.55655;-4.68631;-6.30997;-7.83843;-5.78095;-8.06626;-6.06653;-6.90386;-3.38708;-0.0607139;-3.55103;-5.95818;-3.26593;-2.66913;-0.139502;-3.03741;-1.73586;-2.25262;-2.40817;-3.5936;-5.92193;-2.16465;-2.10445;-1.49554;-2.61971;-2.7641;-6.31414;-0.743196;-0.353897;-2.89986;-3.88168;-1.69004;-4.17468;-5.48745;-2.2335;-4.13486;-2.04681;-6.2009;-6.76385;-10.8756;-10.012;-9.4433;-10.3642;-9.49639;-11.0278;10.6627;
0.887109;-7.96509;-2.14902;-6.00022;-6.85699;-4.03392;-4.84823;-1.62337;-8.03122;-5.95288;-1.69831;-1.41138;1.77679;-4.47495;-4.60991;-4.88063;-6.33571;-5.13169;-7.09326;-5.37423;-5.26238;-4.22636;-5.02772;-5.17263;-2.95033;-3.39924;-4.11999;-5.50002;-3.69599;-5.12995;-4.39134;-4.01417;-6.07999;-6.20335;-5.23677;-4.94254;-6.77071;-4.62454;-3.14954;-3.8484;-6.81737;-5.79221;-4.48074;-6.03935;-4.1956;-4.66493;-9.18123;-3.20479;-5.49066;-4.74216;-6.25715;-7.87677;-5.76251;-8.1231;-6.12844;-6.86883;-3.34299;0.0631943;-3.6035;-5.9675;-3.19146;-2.69239;-0.113675;-3.08161;-1.74416;-2.2475;-2.45748;-3.54053;-5.9386;-2.29206;-2.12815;-1.41568;-2.57439;-2.84192;-6.2489;-0.694108;-0.406835;-2.991;-3.86807;-1.66274;-4.18998;-5.48419;-2.2512;-4.15132;-2.03368;-6.27326;-6.80228;-10.8389;-10.0283;-9.4335;-10.4144;-9.42902;-11.0021;10.7112;
0.923914;-7.98239;-2.16004;-6.10074;-6.81681;-4.04403;-4.89405;-1.54183;-8.03277;-6.05966;-1.70191;-1.44942;1.68136;-4.4901;-4.53435;-4.88636;-6.33362;-5.0832;-7.11706;-5.34419;-5.24312;-4.21172;-4.95576;-5.11597;-2.99072;-3.40574;-4.10885;-5.44527;-3.66271;-5.278;-4.36902;-3.99335;-6.06844;-6.10588;-5.21838;-4.94582;-6.74023;-4.56758;-3.09933;-3.8858;-6.85134;-5.77639;-4.54452;-6.09637;-4.14346;-4.66727;-9.18814;-3.19125;-5.43221;-4.77017;-6.21021;-7.90217;-5.75026;-8.16345;-6.15524;-6.85063;-3.30341;0.173359;-3.63085;-5.97524;-3.09534;-2.7295;-0.102099;-3.11242;-1.7463;-2.23549;-2.50369;-3.48121;-5.94812;-2.41675;-2.13703;-1.34761;-2.53982;-2.89661;-6.16763;-0.666914;-0.449524;-3.06463;-3.86391;-1.64214;-4.19276;-5.48251;-2.27284;-4.15458;-2.02568;-6.33362;-6.83432;-10.7914;-10.0302;-9.42153;-10.4423;-9.36232;-10.9555;10.7497;
0.946187;-7.99948;-2.16906;-6.17845;-6.76567;-4.04779;-4.93721;-1.46939;-8.02141;-6.15164;-1.71935;-1.47702;1.57347;-4.4935;-4.46426;-4.88898;-6.32528;-5.02324;-7.14167;-5.31182;-5.23059;-4.19683;-4.88302;-5.06133;-3.02398;-3.41952;-4.10126;-5.38935;-3.63262;-5.41591;-4.3388;-3.95926;-6.0616;-6.00645;-5.22134;-4.94872;-6.70779;-4.51035;-3.05141;-3.91904;-6.87735;-5.7637;-4.59777;-6.15101;-4.10267;-4.66117;-9.19769;-3.17597;-5.37722;-4.77364;-6.1728;-7.91789;-5.74447;-8.19197;-6.15747;-6.84348;-3.26761;0.267799;-3.63939;-5.98218;-2.98312;-2.77623;-0.100756;-3.13536;-1.74563;-2.21708;-2.54423;-3.41664;-5.9533;-2.54008;-2.13545;-1.29147;-2.51388;-2.92877;-6.07411;-0.658179;-0.485032;-3.11625;-3.87037;-1.63115;-4.18634;-5.48028;-2.29678;-4.1479;-2.02224;-6.38075;-6.86353;-10.7365;-10.0224;-9.41028;-10.4538;-9.29902;-10.8941;10.7804;
0.959207;-8.01564;-2.17452;-6.23729;-6.70676;-4.04425;-4.97508;-1.406;-7.99916;-6.22915;-1.74261;-1.4932;1.45979;-4.48501;-4.39921;-4.88983;-6.31437;-4.95867;-7.16612;-5.27738;-5.22186;-4.18221;-4.8081;-5.00952;-3.04985;-3.43533;-4.09344;-5.3292;-3.60365;-5.54506;-4.30146;-3.91828;-6.05536;-5.90722;-5.23566;-4.94844;-6.67202;-4.45459;-3.00796;-3.94985;-6.89698;-5.75289;-4.64171;-6.20269;-4.06954;-4.64783;-9.20544;-3.15891;-5.32257;-4.75811;-6.1434;-7.92702;-5.74318;-8.21177;-6.14372;-6.83835;-3.23479;0.350392;-3.63563;-5.98781;-2.86236;-2.82562;-0.106941;-3.1545;-1.74264;-2.19611;-2.57901;-3.34749;-5.9548;-2.66132;-2.12845;-1.24508;-2.48993;-2.94147;-5.97124;-0.663492;-0.516319;-3.14893;-3.88373;-1.62699;-4.17369;-5.47593;-2.32134;-4.1359;-2.01991;-6.4143;-6.88905;-10.6757;-10.0065;-9.39714;-10.4523;-9.2382;-10.8217;10.8031;
0.96849;-8.03082;-2.17951;-6.28214;-6.6478;-4.03729;-5.0071;-1.3515;-7.97124;-6.29389;-1.7678;-1.4991;1.34601;-4.46689;-4.34059;-4.88985;-6.30439;-4.89629;-7.18976;-5.24266;-5.21618;-4.17155;-4.73446;-4.96402;-3.07023;-3.44857;-4.0833;-5.26436;-3.57296;-5.66374;-4.25953;-3.87897;-6.0481;-5.81367;-5.25226;-4.94463;-6.63665;-4.40378;-2.97081;-3.97879;-6.91169;-5.74333;-4.67682;-6.24807;-4.04091;-4.63023;-9.21034;-3.14093;-5.26814;-4.73252;-6.12097;-7.93451;-5.74609;-8.22737;-6.12482;-6.83043;-3.20757;0.422927;-3.62495;-5.99378;-2.74095;-2.87111;-0.116912;-3.17278;-1.73696;-2.17654;-2.61033;-3.28077;-5.95364;-2.77405;-2.12073;-1.20635;-2.46498;-2.94002;-5.86878;-0.677264;-0.542709;-3.16826;-3.90007;-1.62742;-4.16002;-5.47037;-2.34715;-4.12362;-2.01686;-6.43628;-6.91024;-10.6136;-9.9868;-9.38284;-10.4432;-9.18112;-10.7465;10.816;
0.977588;-8.04409;-2.1871;-6.31601;-6.59492;-4.03088;-5.03375;-1.30578;-7.94207;-6.34691;-1.79256;-1.49708;1.23652;-4.44117;-4.29036;-4.88901;-6.29665;-4.84012;-7.2118;-5.2092;-5.21366;-4.16695;-4.6668;-4.92782;-3.08591;-3.45571;-4.07058;-5.19677;-3.53898;-5.76886;-4.2159;-3.8463;-6.03957;-5.7306;-5.26631;-4.93803;-6.60572;-4.35949;-2.94034;-4.00516;-6.92091;-5.73398;-4.70342;-6.28421;-4.01519;-4.60962;-9.2125;-3.12231;-5.21503;-4.70437;-6.10356;-7.94249;-5.75195;-8.24135;-6.10791;-6.81919;-3.18774;0.48598;-3.6111;-6.00071;-2.62479;-2.9092;-0.128426;-3.19226;-1.72877;-2.16083;-2.63906;-3.22123;-5.95039;-2.87158;-2.11471;-1.1747;-2.43996;-2.92895;-5.77634;-0.694912;-0.563525;-3.1795;-3.91618;-1.63062;-4.14858;-5.46495;-2.37415;-4.11437;-2.01267;-6.4486;-6.92701;-10.5539;-9.9665;-9.36868;-10.4304;-9.12873;-10.6748;10.8189;
0.981861;-8.0521;-2.18937;-6.33278;-6.536;-4.01699;-5.05187;-1.26577;-7.90375;-6.38387;-1.81597;-1.48944;1.13241;-4.40456;-4.24638;-4.88611;-6.28279;-4.7817;-7.22712;-5.17334;-5.20833;-4.15763;-4.59769;-4.8918;-3.0918;-3.45847;-4.05434;-5.12809;-3.50512;-5.85872;-4.16935;-3.80845;-6.02404;-5.64809;-5.27799;-4.92451;-6.57123;-4.31347;-2.91452;-4.02589;-6.9199;-5.72481;-4.72237;-6.31325;-3.98865;-4.57844;-9.20309;-3.09892;-5.1628;-4.66237;-6.08539;-7.93786;-5.75386;-8.24668;-6.07718;-6.80525;-3.16621;0.542253;-3.59295;-6.00176;-2.51298;-2.94427;-0.147347;-3.21174;-1.71907;-2.14926;-2.65991;-3.15185;-5.94547;-2.95862;-2.10963;-1.15037;-2.41375;-2.904;-5.68206;-0.719724;-0.584268;-3.1818;-3.93217;-1.63244;-4.13266;-5.45584;-2.39401;-4.10057;-2.00896;-6.44744;-6.93739;-10.4883;-9.93683;-9.34717;-10.4037;-9.0758;-10.5952;10.817;
0.971013;-8.05503;-2.17508;-6.32374;-6.45033;-3.98144;-5.05941;-1.22898;-7.84433;-6.40038;-1.84114;-1.47791;1.03035;-4.35196;-4.20585;-4.88132;-6.25245;-4.70851;-7.22926;-5.13018;-5.19377;-4.12873;-4.51269;-4.84091;-3.08188;-3.46369;-4.03441;-5.05739;-3.47715;-5.93763;-4.11749;-3.74804;-5.99283;-5.54852;-5.28981;-4.89798;-6.51961;-4.25591;-2.89264;-4.04077;-6.90765;-5.71979;-4.73636;-6.34319;-3.95802;-4.52823;-9.17065;-3.06874;-5.11053;-4.58412;-6.0634;-7.90425;-5.7459;-8.2345;-6.00731;-6.78993;-3.13034;0.594088;-3.56632;-5.98988;-2.4005;-2.98473;-0.181588;-3.22727;-1.70862;-2.13992;-2.66651;-3.04813;-5.94216;-3.04844;-2.10462;-1.13264;-2.38162;-2.85629;-5.56259;-0.75999;-0.611767;-3.16825;-3.95039;-1.63009;-4.10243;-5.43709;-2.3955;-4.06744;-2.01049;-6.42716;-6.93955;-10.405;-9.88622;-9.30929;-10.3484;-9.01755;-10.4894;10.8173;
0.942107;-8.06022;-2.14739;-6.29233;-6.33848;-3.92383;-5.06248;-1.1993;-7.76763;-6.40149;-1.87209;-1.46397;0.92714;-4.28559;-4.17174;-4.8772;-6.20866;-4.62321;-7.219;-5.08191;-5.17432;-4.08117;-4.41163;-4.77396;-3.05768;-3.47531;-4.014;-4.98331;-3.45674;-6.01512;-4.06329;-3.66715;-5.94535;-5.43085;-5.30336;-4.8605;-6.45202;-4.19012;-2.87714;-4.05598;-6.89192;-5.72416;-4.74866;-6.3807;-3.92638;-4.4632;-9.11796;-3.03836;-5.05946;-4.46788;-6.04275;-7.84635;-5.73199;-8.20873;-5.90079;-6.77671;-3.08169;0.639624;-3.5314;-5.96945;-2.2869;-3.03281;-0.22856;-3.23778;-1.69739;-2.13055;-2.65991;-2.91209;-5.94619;-3.14609;-2.10097;-1.12005;-2.34211;-2.78692;-5.41805;-0.815973;-0.64444;-3.13586;-3.97017;-1.62695;-4.05942;-5.40953;-2.37816;-4.01116;-2.02236;-6.39035;-6.9358;-10.3079;-9.81942;-9.25951;-10.2676;-8.95935;-10.361;10.8224;
0.907907;-8.0759;-2.12766;-6.25828;-6.2347;-3.86693;-5.07311;-1.18529;-7.69835;-6.40192;-1.90698;-1.4493;0.82586;-4.21796;-4.15132;-4.87522;-6.17067;-4.54869;-7.20642;-5.03847;-5.16484;-4.03693;-4.31805;-4.71162;-3.0301;-3.48683;-3.99824;-4.90791;-3.43805;-6.09718;-4.01516;-3.59451;-5.89395;-5.32167;-5.31705;-4.82566;-6.39143;-4.1342;-2.87023;-4.07923;-6.88276;-5.73706;-4.75953;-6.4216;-3.90204;-4.4017;-9.06636;-3.01913;-5.01286;-4.35;-6.03197;-7.79506;-5.72429;-8.18774;-5.8017;-6.76886;-3.04125;0.674148;-3.49724;-5.95661;-2.18098;-3.07862;-0.272111;-3.24813;-1.68523;-2.1212;-2.65035;-2.78394;-5.95987;-3.23708;-2.10103;-1.11137;-2.30241;-2.71434;-5.287;-0.872856;-0.670719;-3.09476;-3.98478;-1.63146;-4.02016;-5.38374;-2.35782;-3.95064;-2.04341;-6.3507;-6.93192;-10.2212;-9.76085;-9.21723;-10.1895;-8.91473;-10.244;10.8271;
0.884098;-8.09988;-2.12984;-6.23706;-6.16819;-3.83214;-5.09456;-1.1881;-7.65393;-6.41024;-1.9371;-1.43581;0.733712;-4.15936;-4.1452;-4.87238;-6.15098;-4.5011;-7.19956;-5.00539;-5.1719;-4.01215;-4.25283;-4.67221;-3.00749;-3.48772;-3.98802;-4.83676;-3.41508;-6.17854;-3.97664;-3.55164;-5.85039;-5.2449;-5.32818;-4.8043;-6.35582;-4.09882;-2.86888;-4.10919;-6.87884;-5.75;-4.76599;-6.454;-3.88778;-4.35486;-9.03145;-3.01234;-4.97206;-4.26734;-6.03021;-7.77074;-5.72738;-8.18259;-5.74645;-6.76484;-3.02443;0.697107;-3.47275;-5.9592;-2.09116;-3.1116;-0.300856;-3.26381;-1.67293;-2.1152;-2.6454;-2.69611;-5.97763;-3.3037;-2.10399;-1.10671;-2.27097;-2.65602;-5.20229;-0.915886;-0.683557;-3.06031;-3.98811;-1.64672;-3.99626;-5.36836;-2.34897;-3.90826;-2.06548;-6.31905;-6.93061;-10.1609;-9.72615;-9.19367;-10.136;-8.88801;-10.1642;10.8256;
0.873924;-8.12263;-2.14694;-6.22713;-6.1352;-3.81991;-5.11863;-1.19939;-7.62915;-6.42245;-1.9555;-1.42514;0.654269;-4.10964;-4.14548;-4.86462;-6.14371;-4.47455;-7.19648;-4.97855;-5.18712;-4.00179;-4.21356;-4.65332;-2.98927;-3.47476;-3.97982;-4.77387;-3.38763;-6.24938;-3.9438;-3.53271;-5.81458;-5.19784;-5.33551;-4.79505;-6.34057;-4.07776;-2.86779;-4.13752;-6.87072;-5.75507;-4.76592;-6.47068;-3.87777;-4.31716;-9.00867;-3.00928;-4.93559;-4.22293;-6.02825;-7.76504;-5.73405;-8.18729;-5.72927;-6.75912;-3.02595;0.713278;-3.45818;-5.97003;-2.01801;-3.13129;-0.318136;-3.28431;-1.66137;-2.11561;-2.64411;-2.64433;-5.99175;-3.3434;-2.1069;-1.10598;-2.24851;-2.61365;-5.15879;-0.944485;-0.687457;-3.03952;-3.98065;-1.66835;-3.98355;-5.36256;-2.35177;-3.88857;-2.08086;-6.29441;-6.92954;-10.1206;-9.7083;-9.18203;-10.1036;-8.87067;-10.1155;10.8178;
0.872187;-8.13987;-2.16767;-6.22198;-6.11922;-3.82133;-5.1385;-1.21188;-7.61367;-6.43351;-1.96271;-1.41837;0.585509;-4.06521;-4.1459;-4.85195;-6.13945;-4.45796;-7.19212;-4.9534;-5.20148;-3.99607;-4.18814;-4.64446;-2.97281;-3.45233;-3.97171;-4.71923;-3.35843;-6.30687;-3.91355;-3.52429;-5.78166;-5.16639;-5.33929;-4.79244;-6.33379;-4.06265;-2.8659;-4.16034;-6.85504;-5.75161;-4.76101;-6.47358;-3.8668;-4.28067;-8.98874;-3.00467;-4.90271;-4.20177;-6.02097;-7.76461;-5.73782;-8.19394;-5.72909;-6.7486;-3.035;0.726473;-3.44869;-5.98116;-1.9586;-3.14299;-0.331159;-3.30528;-1.65074;-2.12242;-2.64333;-2.6126;-5.99996;-3.3641;-2.1091;-1.10745;-2.23094;-2.58137;-5.13674;-0.965656;-0.689265;-3.03046;-3.96686;-1.69231;-3.97419;-5.36213;-2.36032;-3.88438;-2.08807;-6.27228;-6.92729;-10.0899;-9.69652;-9.17393;-10.0813;-8.85555;-10.0823;10.8071;
0.874255;-8.15358;-2.18713;-6.21886;-6.10943;-3.82989;-5.15318;-1.22304;-7.6029;-6.44239;-1.96269;-1.41565;0.523665;-4.02412;-4.14563;-4.83733;-6.13438;-4.44626;-7.1849;-4.92947;-5.21259;-3.99115;-4.1687;-4.63943;-2.95723;-3.42573;-3.96431;-4.67116;-3.32962;-6.35431;-3.88588;-3.51954;-5.74926;-5.14121;-5.34084;-4.7933;-6.32897;-4.05064;-2.86547;-4.17944;-6.83536;-5.7435;-4.75486;-6.46855;-3.85436;-4.24284;-8.96838;-2.9991;-4.87407;-4.19178;-6.00933;-7.76414;-5.73781;-8.20049;-5.7334;-6.73416;-3.04573;0.737804;-3.43972;-5.98986;-1.91015;-3.15127;-0.343742;-3.32368;-1.64106;-2.13421;-2.64128;-2.59124;-6.00407;-3.37408;-2.11143;-1.10945;-2.21526;-2.55425;-5.12289;-0.984917;-0.692346;-3.02832;-3.95076;-1.71729;-3.96437;-5.36443;-2.37042;-3.88867;-2.08968;-6.25104;-6.92526;-10.0643;-9.68703;-9.16717;-10.0638;-8.84138;-10.0562;10.7966;
0.877958;-8.16634;-2.20459;-6.21732;-6.10112;-3.84241;-5.16375;-1.23245;-7.59547;-6.44954;-1.95856;-1.41641;0.465995;-3.98562;-4.14574;-4.82317;-6.12801;-4.43801;-7.17533;-4.90745;-5.22111;-3.98642;-4.152;-4.63573;-2.94258;-3.39784;-3.95826;-4.62818;-3.30203;-6.39544;-3.86104;-3.51644;-5.71712;-5.1185;-5.34131;-4.79636;-6.3242;-4.04146;-2.86822;-4.1972;-6.81539;-5.73407;-4.74979;-6.46006;-3.84157;-4.20392;-8.94758;-2.99412;-4.85007;-4.18717;-5.99555;-7.76272;-5.73527;-8.2073;-5.73795;-6.71757;-3.05615;0.747668;-3.42878;-5.99586;-1.87018;-3.15838;-0.357055;-3.33852;-1.63227;-2.14969;-2.63735;-2.57607;-6.00593;-3.37847;-2.11422;-1.11135;-2.20065;-2.52949;-5.11132;-1.00463;-0.697355;-3.02923;-3.93446;-1.74303;-3.95319;-5.36814;-2.38032;-3.89726;-2.08832;-6.23068;-6.92491;-10.0428;-9.67949;-9.16196;-10.0495;-8.82859;-10.0342;10.7873;
0.882371;-8.17932;-2.22029;-6.2171;-6.09242;-3.85724;-5.17108;-1.2401;-7.59056;-6.45523;-1.95196;-1.41977;0.410933;-3.94921;-4.14685;-4.81045;-6.12056;-4.43255;-7.16405;-4.88746;-5.22774;-3.98159;-4.13662;-4.63206;-2.92892;-3.36983;-3.95342;-4.58928;-3.27574;-6.4325;-3.83868;-3.51431;-5.68524;-5.09689;-5.3411;-4.80086;-6.31913;-4.03495;-2.8744;-4.21467;-6.79675;-5.72484;-4.74638;-6.45033;-3.829;-4.16438;-8.92656;-2.9903;-4.83031;-4.1853;-5.98106;-7.76027;-5.73118;-8.21455;-5.7415;-6.69983;-3.06566;0.756426;-3.41503;-5.99934;-1.8365;-3.16522;-0.371319;-3.34979;-1.62419;-2.16793;-2.63158;-2.56519;-6.00638;-3.37985;-2.1172;-1.11314;-2.18704;-2.50574;-5.09959;-1.02536;-0.704013;-3.03088;-3.91868;-1.76931;-3.94073;-5.37238;-2.38962;-3.90782;-2.0855;-6.21124;-6.92661;-10.0245;-9.67376;-9.15827;-10.0374;-8.81725;-10.0148;10.7796;
0.887013;-8.19282;-2.23452;-6.21788;-6.08269;-3.87339;-5.17571;-1.24606;-7.58755;-6.45956;-1.94382;-1.42505;0.357559;-3.91457;-4.14908;-4.79931;-6.1122;-4.42927;-7.15143;-4.86911;-5.23292;-3.97634;-4.12187;-4.62767;-2.91629;-3.34221;-3.94941;-4.55383;-3.25066;-6.46669;-3.81822;-3.51276;-5.65364;-5.07582;-5.34019;-4.80622;-6.31373;-4.03074;-2.88353;-4.23208;-6.7798;-5.7163;-4.74453;-6.44027;-3.81677;-4.12442;-8.90531;-2.98764;-4.81409;-4.18492;-5.9667;-7.75685;-5.72607;-8.22217;-5.74378;-6.6814;-3.07418;0.764316;-3.39844;-6.00047;-1.80743;-3.17214;-0.386432;-3.35778;-1.61661;-2.18824;-2.62425;-2.55773;-6.00576;-3.3795;-2.11999;-1.11502;-2.17443;-2.48248;-5.08682;-1.04702;-0.711934;-3.03206;-3.9035;-1.79583;-3.92732;-5.37657;-2.3984;-3.91909;-2.08203;-6.19263;-6.93011;-10.0089;-9.66958;-9.15586;-10.0269;-8.8072;-9.9972;10.7733;
0.891574;-8.20683;-2.24761;-6.21936;-6.07188;-3.89024;-5.17806;-1.25042;-7.58597;-6.46256;-1.93463;-1.43175;0.305311;-3.88153;-4.15235;-4.78955;-6.10309;-4.42773;-7.1378;-4.85193;-5.23699;-3.97049;-4.1075;-4.62223;-2.90469;-3.31524;-3.94586;-4.52147;-3.22667;-6.49867;-3.79914;-3.5116;-5.62231;-5.05513;-5.33851;-4.81202;-6.3081;-4.02849;-2.89497;-4.24935;-6.76449;-5.70852;-4.74394;-6.43026;-3.80486;-4.08417;-8.88384;-2.98598;-4.80076;-4.18537;-5.95302;-7.75257;-5.72025;-8.23002;-5.7449;-6.66254;-3.08185;0.771477;-3.37929;-5.99937;-1.78178;-3.17926;-0.402187;-3.36291;-1.60938;-2.21004;-2.61577;-2.55318;-6.00425;-3.37802;-2.12228;-1.11715;-2.16274;-2.45954;-5.07291;-1.06924;-0.720828;-3.03217;-3.88876;-1.82231;-3.91325;-5.38026;-2.40689;-3.93038;-2.07839;-6.17479;-6.93503;-9.99547;-9.66671;-9.15454;-10.0176;-8.79831;-9.98098;10.7682;
0.895838;-8.22121;-2.25985;-6.22137;-6.06012;-3.90738;-5.17845;-1.25324;-7.58553;-6.46424;-1.92473;-1.43959;0.253886;-3.85;-4.15659;-4.78087;-6.09338;-4.42756;-7.12345;-4.83553;-5.24032;-3.96401;-4.09348;-4.61571;-2.89408;-3.28905;-3.94257;-4.49195;-3.20374;-6.5288;-3.78108;-3.51074;-5.59135;-5.03485;-5.33606;-4.81796;-6.30228;-4.0279;-2.90819;-4.26638;-6.75068;-5.70149;-4.74435;-6.42042;-3.79326;-4.04369;-8.86224;-2.98521;-4.7898;-4.18636;-5.94038;-7.74758;-5.71389;-8.23798;-5.74508;-6.64348;-3.08879;0.778016;-3.35796;-5.9961;-1.75876;-3.18658;-0.418382;-3.36562;-1.60234;-2.23291;-2.60652;-2.55121;-6.00192;-3.37572;-2.12391;-1.11967;-2.15188;-2.43696;-5.05802;-1.09166;-0.730517;-3.03095;-3.87423;-1.84847;-3.8987;-5.38318;-2.41529;-3.94128;-2.07488;-6.15767;-6.94102;-9.98395;-9.66495;-9.15416;-10.0093;-8.79052;-9.96595;10.7642;
0.899644;-8.2358;-2.27158;-6.22379;-6.04762;-3.92448;-5.17712;-1.25458;-7.58598;-6.46461;-1.91429;-1.44833;0.203162;-3.81995;-4.16172;-4.77303;-6.08318;-4.42849;-7.10867;-4.81966;-5.24326;-3.957;-4.07996;-4.60825;-2.88441;-3.2637;-3.93945;-4.4651;-3.18189;-6.55728;-3.76383;-3.5102;-5.5609;-5.01503;-5.33291;-4.82383;-6.29631;-4.02876;-2.92278;-4.28307;-6.73824;-5.69515;-4.74555;-6.4108;-3.78204;-4.0031;-8.84067;-2.98528;-4.78091;-4.18775;-5.92904;-7.74207;-5.7071;-8.246;-5.74462;-6.62441;-3.09508;0.784053;-3.33484;-5.99069;-1.7379;-3.19399;-0.434848;-3.36636;-1.59539;-2.25645;-2.59687;-2.55153;-5.99882;-3.37273;-2.1248;-1.12261;-2.14176;-2.41485;-5.04245;-1.1139;-0.740886;-3.02839;-3.85968;-1.87406;-3.8838;-5.38511;-2.4237;-3.9516;-2.07171;-6.14127;-6.94784;-9.97415;-9.66416;-9.15464;-10.0016;-8.78375;-9.95196;10.761;
0.90287;-8.25044;-2.28308;-6.22656;-6.03454;-3.9413;-5.1743;-1.25447;-7.58716;-6.46371;-1.90345;-1.45783;0.153136;-3.7914;-4.16767;-4.7658;-6.07265;-4.43033;-7.09371;-4.80414;-5.24614;-3.94961;-4.06711;-4.60007;-2.8756;-3.23922;-3.93646;-4.44076;-3.16115;-6.5842;-3.74728;-3.51002;-5.5311;-4.9958;-5.32916;-4.8295;-6.29019;-4.03089;-2.93847;-4.29939;-6.7271;-5.68946;-4.7474;-6.40139;-3.7713;-3.96253;-8.81934;-2.98617;-4.77387;-4.18952;-5.91912;-7.73619;-5.69997;-8.25401;-5.74378;-6.6055;-3.10078;0.789714;-3.31026;-5.9832;-1.71895;-3.20136;-0.451453;-3.36553;-1.58845;-2.28039;-2.58713;-2.55386;-5.99495;-3.3691;-2.12496;-1.12601;-2.13229;-2.3933;-5.02649;-1.13563;-0.751857;-3.02457;-3.84491;-1.89888;-3.8686;-5.38591;-2.4322;-3.96122;-2.06901;-6.12561;-6.9553;-9.96596;-9.66419;-9.15588;-9.99455;-8.77799;-9.9389;10.7586;
0.905426;-8.26503;-2.29464;-6.22966;-6.02099;-3.95766;-5.17018;-1.25296;-7.5889;-6.46159;-1.89231;-1.46792;0.103861;-3.76438;-4.17434;-4.75903;-6.06191;-4.43292;-7.07882;-4.78887;-5.24927;-3.94204;-4.0551;-4.5914;-2.86758;-3.21566;-3.93363;-4.41876;-3.14155;-6.60957;-3.73141;-3.51027;-5.50213;-4.97722;-5.32497;-4.83489;-6.28392;-4.03416;-2.95506;-4.31533;-6.7172;-5.6844;-4.7498;-6.3922;-3.7612;-3.92213;-8.79846;-2.98791;-4.76857;-4.1917;-5.91067;-7.7301;-5.6926;-8.26199;-5.74281;-6.58691;-3.10591;0.795126;-3.2845;-5.9737;-1.70178;-3.20851;-0.468089;-3.36353;-1.58144;-2.30451;-2.57756;-2.55792;-5.9903;-3.36486;-2.12444;-1.12984;-2.12338;-2.37241;-5.01041;-1.15658;-0.763354;-3.01962;-3.82977;-1.9228;-3.85313;-5.38551;-2.44079;-3.97008;-2.06688;-6.11073;-6.96332;-9.95928;-9.66493;-9.15781;-9.98792;-8.7732;-9.92669;10.7568;
0.907246;-8.27946;-2.30651;-6.23308;-6.00705;-3.97336;-5.16496;-1.2501;-7.59108;-6.45833;-1.88093;-1.47845;0.0554108;-3.7389;-4.18162;-4.75256;-6.05111;-4.43615;-7.06417;-4.77377;-5.25291;-3.93444;-4.04407;-4.58247;-2.86027;-3.19303;-3.93102;-4.39888;-3.12311;-6.63345;-3.71623;-3.51097;-5.4741;-4.95936;-5.32047;-4.83996;-6.27746;-4.03843;-2.97244;-4.3309;-6.70847;-5.67996;-4.75268;-6.3832;-3.75185;-3.88202;-8.77821;-2.99048;-4.76491;-4.19433;-5.90368;-7.72395;-5.68507;-8.2699;-5.74192;-6.56875;-3.11046;0.800394;-3.25782;-5.9623;-1.68632;-3.21524;-0.484652;-3.36069;-1.5743;-2.32864;-2.56835;-2.56346;-5.98483;-3.36001;-2.12331;-1.13404;-2.11494;-2.35223;-4.99444;-1.17654;-0.77529;-3.01369;-3.81417;-1.94575;-3.8374;-5.38389;-2.44945;-3.97816;-2.06531;-6.09662;-6.97182;-9.95401;-9.66629;-9.16037;-9.98165;-8.76934;-9.91522;10.7557;
0.908293;-8.29365;-2.3189;-6.23679;-5.99273;-3.98824;-5.15883;-1.24598;-7.59357;-6.45399;-1.86939;-1.48924;0.00784668;-3.71495;-4.18934;-4.74627;-6.04039;-4.43988;-7.04992;-4.75876;-5.25725;-3.92696;-4.03407;-4.57344;-2.85362;-3.17135;-3.92867;-4.38087;-3.10583;-6.65585;-3.70178;-3.51214;-5.44711;-4.94222;-5.31577;-4.84469;-6.27078;-4.04358;-2.9905;-4.34608;-6.70084;-5.67608;-4.75598;-6.37439;-3.74337;-3.84233;-8.75871;-2.99384;-4.7628;-4.19743;-5.89807;-7.71784;-5.67747;-8.27769;-5.74127;-6.55108;-3.11445;0.805589;-3.23043;-5.94915;-1.6725;-3.22136;-0.501039;-3.35731;-1.56696;-2.35267;-2.55962;-2.57021;-5.97851;-3.35459;-2.12162;-1.13857;-2.1069;-2.33281;-4.97875;-1.19533;-0.787552;-3.00691;-3.79808;-1.96769;-3.82142;-5.3811;-2.45813;-3.98547;-2.06428;-6.08325;-6.98074;-9.95005;-9.66817;-9.16343;-9.9757;-8.76636;-9.90442;10.7551;
0.908545;-8.30753;-2.33199;-6.24076;-5.97801;-4.00213;-5.15195;-1.24066;-7.59623;-6.44865;-1.85771;-1.5001;-0.0387906;-3.69251;-4.19733;-4.74005;-6.02987;-4.44401;-7.03618;-4.74374;-5.26242;-3.91968;-4.0251;-4.5644;-2.84754;-3.15066;-3.92664;-4.36445;-3.08968;-6.67684;-3.68812;-3.51375;-5.42118;-4.92578;-5.31098;-4.84908;-6.26383;-4.04946;-3.00916;-4.36087;-6.69417;-5.67273;-4.75965;-6.36577;-3.73582;-3.80313;-8.74004;-2.99793;-4.76215;-4.20102;-5.89378;-7.71186;-5.66989;-8.28532;-5.741;-6.53396;-3.1179;0.81074;-3.20252;-5.93441;-1.66022;-3.22667;-0.517141;-3.35363;-1.55933;-2.37652;-2.55147;-2.57789;-5.97127;-3.34863;-2.11943;-1.14337;-2.09916;-2.31415;-4.96352;-1.21285;-0.800008;-2.99936;-3.78152;-1.98866;-3.80518;-5.37723;-2.46677;-3.99204;-2.06372;-6.07056;-6.99003;-9.94729;-9.67048;-9.1669;-9.97003;-8.76422;-9.89419;10.7549;
0.908013;-8.32105;-2.34591;-6.24496;-5.96288;-4.01485;-5.14452;-1.23424;-7.59895;-6.44239;-1.84594;-1.51085;-0.0844869;-3.67153;-4.20538;-4.73378;-6.01969;-4.44842;-7.02302;-4.72857;-5.2685;-3.91268;-4.01709;-4.55544;-2.84197;-3.13096;-3.92497;-4.34933;-3.0746;-6.6965;-3.67528;-3.51576;-5.3963;-4.91;-5.3062;-4.85316;-6.25655;-4.05593;-3.02832;-4.37523;-6.68833;-5.66981;-4.76363;-6.35734;-3.72923;-3.76446;-8.72221;-3.00268;-4.76281;-4.20511;-5.89068;-7.7061;-5.6624;-8.29276;-5.74118;-6.51736;-3.12083;0.815832;-3.17425;-5.91825;-1.64938;-3.23099;-0.532853;-3.34984;-1.55132;-2.40014;-2.54395;-2.58628;-5.96307;-3.34218;-2.11676;-1.14841;-2.09166;-2.29624;-4.94885;-1.22904;-0.812509;-2.99111;-3.76452;-2.00872;-3.78868;-5.37238;-2.4753;-3.99789;-2.06351;-6.05847;-6.99962;-9.94559;-9.67311;-9.17063;-9.96458;-8.76285;-9.88445;10.7551;
0.906725;-8.33415;-2.36074;-6.24933;-5.9473;-4.02625;-5.13668;-1.22681;-7.60161;-6.43527;-1.83407;-1.52131;-0.12925;-3.65195;-4.21331;-4.72737;-6.00996;-4.45303;-7.0105;-4.71314;-5.2755;-3.90597;-4.00991;-4.54658;-2.83681;-3.11228;-3.9237;-4.3352;-3.0605;-6.71491;-3.66329;-3.5181;-5.37242;-4.89478;-5.30147;-4.85695;-6.24889;-4.06285;-3.04792;-4.38912;-6.68313;-5.66722;-4.76785;-6.3491;-3.72358;-3.72636;-8.70518;-3.00798;-4.76466;-4.20968;-5.88866;-7.70058;-5.65506;-8.29994;-5.74189;-6.50126;-3.12328;0.820813;-3.14577;-5.90087;-1.63985;-3.23419;-0.548063;-3.34611;-1.54283;-2.42344;-2.53708;-2.59513;-5.95388;-3.33526;-2.1136;-1.15365;-2.08435;-2.27908;-4.93483;-1.24389;-0.824906;-2.98219;-3.74715;-2.02794;-3.77191;-5.36669;-2.48366;-4.00307;-2.06354;-6.04686;-7.00943;-9.94481;-9.67596;-9.17449;-9.95933;-8.76217;-9.87512;10.7557;
0.904724;-8.34678;-2.37653;-6.2538;-5.93124;-4.03617;-5.12856;-1.21845;-7.60411;-6.42733;-1.82212;-1.53134;-0.173107;-3.63371;-4.22094;-4.72072;-6.00077;-4.45773;-6.99863;-4.69729;-5.2834;-3.89954;-4.00342;-4.53783;-2.832;-3.09462;-3.92282;-4.32179;-3.04731;-6.73217;-3.65214;-3.52071;-5.34945;-4.88007;-5.29686;-4.86048;-6.2408;-4.07008;-3.06785;-4.4025;-6.6784;-5.66486;-4.77226;-6.34105;-3.71884;-3.68879;-8.68889;-3.01374;-4.76754;-4.21471;-5.8876;-7.69532;-5.64788;-8.30684;-5.74315;-6.48561;-3.12528;0.825606;-3.1172;-5.88244;-1.63147;-3.23613;-0.562682;-3.34256;-1.5338;-2.44639;-2.53091;-2.60424;-5.94368;-3.32792;-2.10992;-1.1591;-2.07719;-2.26265;-4.92151;-1.25741;-0.837059;-2.97262;-3.72947;-2.04642;-3.75486;-5.3603;-2.49178;-4.00762;-2.06368;-6.03561;-7.01936;-9.94481;-9.67893;-9.17834;-9.95424;-8.76212;-9.86611;10.7564;
0.902072;-8.35886;-2.3933;-6.25832;-5.91471;-4.04448;-5.12028;-1.20925;-7.60636;-6.41861;-1.8101;-1.54081;-0.2161;-3.61672;-4.22811;-4.71376;-5.99218;-4.4624;-6.98741;-4.68089;-5.29214;-3.89335;-3.99746;-4.5292;-2.82744;-3.07797;-3.92235;-4.30885;-3.03495;-6.74838;-3.64181;-3.52352;-5.32728;-4.86578;-5.29239;-4.86379;-6.23221;-4.0775;-3.08805;-4.41532;-6.67394;-5.6626;-4.77677;-6.33319;-3.71493;-3.6517;-8.67324;-3.01987;-4.77129;-4.22016;-5.8874;-7.69034;-5.64089;-8.31342;-5.74498;-6.47033;-3.12688;0.83012;-3.08862;-5.86313;-1.62411;-3.23673;-0.576632;-3.33928;-1.52416;-2.4689;-2.52543;-2.61347;-5.93245;-3.32017;-2.10569;-1.16473;-2.07016;-2.24694;-4.90896;-1.26966;-0.848845;-2.96237;-3.71158;-2.06426;-3.73755;-5.35333;-2.49961;-4.01158;-2.0638;-6.02462;-7.02931;-9.94545;-9.68189;-9.18205;-9.94928;-8.76262;-9.85733;10.7574;
0.898835;-8.37036;-2.41102;-6.26281;-5.89768;-4.05107;-5.1119;-1.19928;-7.60828;-6.4091;-1.79799;-1.54962;-0.258282;-3.60091;-4.23471;-4.70641;-5.98424;-4.46695;-6.97683;-4.66381;-5.30163;-3.88736;-3.99183;-4.52065;-2.82305;-3.06232;-3.92224;-4.29615;-3.0233;-6.76363;-3.63225;-3.52646;-5.30579;-4.85182;-5.28808;-4.86691;-6.22307;-4.08499;-3.10842;-4.42754;-6.66958;-5.66036;-4.78135;-6.32553;-3.71178;-3.61504;-8.65812;-3.02626;-4.77574;-4.22596;-5.88797;-7.6856;-5.63409;-8.31963;-5.74736;-6.45535;-3.12812;0.834263;-3.06014;-5.84309;-1.61762;-3.23595;-0.589855;-3.33634;-1.51388;-2.49093;-2.52068;-2.62268;-5.9202;-3.31203;-2.10088;-1.17057;-2.06324;-2.23193;-4.89716;-1.28069;-0.86017;-2.95141;-3.69354;-2.08156;-3.71998;-5.34588;-2.50709;-4.01499;-2.06382;-6.01376;-7.03919;-9.94658;-9.68474;-9.18552;-9.94438;-8.76357;-9.84871;10.7585;
0.895085;-8.38121;-2.42964;-6.2672;-5.88017;-4.05587;-5.10347;-1.18861;-7.6098;-6.39877;-1.78582;-1.5577;-0.299709;-3.58621;-4.24062;-4.69863;-5.97696;-4.47128;-6.96684;-4.64592;-5.31176;-3.8815;-3.98639;-4.51218;-2.81874;-3.04765;-3.92246;-4.28353;-3.0123;-6.778;-3.6234;-3.52946;-5.2849;-4.83812;-5.28394;-4.86984;-6.21332;-4.09242;-3.12886;-4.43912;-6.66514;-5.65803;-4.78593;-6.31804;-3.70931;-3.57872;-8.64343;-3.03284;-4.78072;-4.23205;-5.8892;-7.68108;-5.62747;-8.32543;-5.75026;-6.44058;-3.12903;0.837952;-3.03179;-5.82244;-1.61188;-3.23378;-0.602319;-3.33378;-1.50293;-2.51241;-2.51666;-2.6318;-5.90698;-3.30352;-2.09545;-1.1766;-2.0564;-2.2176;-4.88614;-1.29056;-0.870968;-2.93972;-3.67541;-2.0984;-3.70219;-5.33805;-2.5142;-4.01787;-2.06363;-6.00295;-7.0489;-9.94808;-9.68735;-9.18864;-9.93953;-8.76488;-9.84015;10.7596;
0.890887;-8.39133;-2.44908;-6.2714;-5.86217;-4.05884;-5.09501;-1.17729;-7.61085;-6.38757;-1.77362;-1.56499;-0.340441;-3.57252;-4.24577;-4.69039;-5.97033;-4.47526;-6.95738;-4.62711;-5.32241;-3.87567;-3.98093;-4.50376;-2.81445;-3.03393;-3.92294;-4.27084;-3.00184;-6.79156;-3.61518;-3.53247;-5.26448;-4.8246;-5.27996;-4.8726;-6.20291;-4.09971;-3.14927;-4.45;-6.66047;-5.65552;-4.79047;-6.31072;-3.70744;-3.54264;-8.62905;-3.03952;-4.78605;-4.23834;-5.89104;-7.67671;-5.621;-8.3308;-5.75362;-6.42594;-3.12964;0.841123;-3.00362;-5.80132;-1.60675;-3.23024;-0.614006;-3.33162;-1.49134;-2.53332;-2.51339;-2.64076;-5.89282;-3.29466;-2.08937;-1.18284;-2.04966;-2.20396;-4.87587;-1.29933;-0.881196;-2.92726;-3.65726;-2.11486;-3.68422;-5.32988;-2.5209;-4.02026;-2.06316;-5.99208;-7.05832;-9.94981;-9.68963;-9.19132;-9.93466;-8.76646;-9.83157;10.7608;
0.886308;-8.40065;-2.46923;-6.27534;-5.8437;-4.05997;-5.08651;-1.16535;-7.61136;-6.37541;-1.7614;-1.57145;-0.380537;-3.55975;-4.25009;-4.68167;-5.96431;-4.47878;-6.94839;-4.60728;-5.33344;-3.86979;-3.97531;-4.49534;-2.8101;-3.02112;-3.92361;-4.25796;-2.99183;-6.80437;-3.6075;-3.53546;-5.24446;-4.8112;-5.27613;-4.87516;-6.1918;-4.10676;-3.16956;-4.46014;-6.65542;-5.65279;-4.79492;-6.30354;-3.70607;-3.50669;-8.61486;-3.04622;-4.79156;-4.24473;-5.89341;-7.67245;-5.61468;-8.3357;-5.75737;-6.41134;-3.12998;0.843731;-2.97567;-5.77981;-1.60213;-3.22537;-0.624922;-3.32985;-1.47913;-2.55361;-2.51089;-2.64954;-5.87778;-3.28546;-2.08264;-1.18927;-2.043;-2.19098;-4.86631;-1.30706;-0.890841;-2.91402;-3.63912;-2.13099;-3.66614;-5.32139;-2.52719;-4.02218;-2.06236;-5.98107;-7.06738;-9.95164;-9.69145;-9.19349;-9.92973;-8.7682;-9.82289;10.7619;
0.881399;-8.40909;-2.49001;-6.27893;-5.82475;-4.05926;-5.07794;-1.15283;-7.61127;-6.36218;-1.74922;-1.57708;-0.420052;-3.54783;-4.25354;-4.67246;-5.95885;-4.48173;-6.93977;-4.58636;-5.34472;-3.86376;-3.96938;-4.48689;-2.80563;-3.00918;-3.92436;-4.24479;-2.98217;-6.81644;-3.60027;-3.53838;-5.22477;-4.79783;-5.27242;-4.87751;-6.17992;-4.11348;-3.18961;-4.4695;-6.64985;-5.64975;-4.79924;-6.29647;-3.70515;-3.47076;-8.60077;-3.05286;-4.79706;-4.25111;-5.89627;-7.66822;-5.60848;-8.34007;-5.76144;-6.3967;-3.13004;0.845756;-2.94793;-5.75801;-1.59792;-3.21926;-0.635085;-3.32846;-1.46634;-2.57327;-2.50917;-2.65812;-5.86191;-3.27594;-2.07526;-1.19588;-2.03641;-2.17866;-4.85741;-1.31382;-0.899907;-2.89998;-3.62102;-2.14684;-3.64802;-5.31258;-2.53306;-4.02362;-2.06119;-5.96985;-7.07595;-9.95347;-9.69271;-9.19508;-9.92465;-8.76999;-9.81401;10.763;
0.876205;-8.41656;-2.51128;-6.28208;-5.80531;-4.05675;-5.06925;-1.13976;-7.61051;-6.34776;-1.7371;-1.58186;-0.459033;-3.53665;-4.25607;-4.66277;-5.95387;-4.48398;-6.93145;-4.56428;-5.35611;-3.85749;-3.96298;-4.47835;-2.80098;-2.99804;-3.92511;-4.23126;-2.97276;-6.82781;-3.59338;-3.54122;-5.20533;-4.78444;-5.26881;-4.87959;-6.16724;-4.11981;-3.20931;-4.47802;-6.64367;-5.64636;-4.8034;-6.28946;-3.7046;-3.43473;-8.58667;-3.05938;-4.80237;-4.25737;-5.89954;-7.66395;-5.60238;-8.34388;-5.76573;-6.38192;-3.12982;0.847194;-2.92042;-5.73598;-1.59404;-3.21199;-0.644529;-3.32742;-1.45304;-2.59229;-2.50823;-2.6665;-5.84529;-3.26612;-2.06723;-1.20266;-2.02988;-2.16698;-4.84912;-1.31965;-0.908417;-2.88515;-3.60299;-2.16243;-3.62996;-5.30341;-2.53849;-4.0246;-2.0596;-5.95834;-7.08396;-9.95515;-9.6933;-9.19601;-9.91937;-8.77172;-9.80483;10.7639;
0.870754;-8.42294;-2.53294;-6.28469;-5.78537;-4.05249;-5.06037;-1.12614;-7.609;-6.33201;-1.72512;-1.58579;-0.497522;-3.52612;-4.25767;-4.65259;-5.94929;-4.48539;-6.92331;-4.54099;-5.36747;-3.85088;-3.95599;-4.46967;-2.79609;-2.98764;-3.92574;-4.21731;-2.96347;-6.83845;-3.58672;-3.54396;-5.1861;-4.77094;-5.26526;-4.88135;-6.15371;-4.12568;-3.22854;-4.48566;-6.63675;-5.64257;-4.80737;-6.28248;-3.70435;-3.39849;-8.57246;-3.06571;-4.8073;-4.26338;-5.90319;-7.65955;-5.59636;-8.34708;-5.77017;-6.36692;-3.12931;0.848061;-2.89312;-5.71378;-1.59042;-3.20363;-0.653297;-3.32668;-1.43927;-2.61067;-2.50808;-2.67466;-5.82795;-3.25601;-2.05859;-1.20956;-2.02342;-2.15594;-4.84138;-1.32461;-0.916407;-2.86954;-3.58502;-2.17777;-3.61204;-5.29383;-2.5435;-4.02509;-2.05756;-5.94647;-7.0913;-9.95656;-9.69311;-9.19624;-9.9138;-8.77325;-9.79527;10.7646;
0.865066;-8.42813;-2.55486;-6.28668;-5.7649;-4.04652;-5.05125;-1.11201;-7.60666;-6.31476;-1.7133;-1.58889;-0.535552;-3.51614;-4.25833;-4.64193;-5.94502;-4.48585;-6.91524;-4.51643;-5.37867;-3.84385;-3.94829;-4.46081;-2.79091;-2.9779;-3.92614;-4.20288;-2.95419;-6.84836;-3.58018;-3.54661;-5.16703;-4.75726;-5.26172;-4.88273;-6.13928;-4.13103;-3.24718;-4.49237;-6.629;-5.63833;-4.8111;-6.27547;-3.70433;-3.36191;-8.55806;-3.07178;-4.81167;-4.26901;-5.90715;-7.65493;-5.59041;-8.34963;-5.77466;-6.35162;-3.12846;0.848386;-2.86602;-5.69144;-1.58699;-3.19429;-0.661438;-3.32619;-1.42509;-2.62841;-2.50871;-2.68259;-5.80995;-3.24563;-2.04935;-1.21657;-2.017;-2.14552;-4.83412;-1.32875;-0.923919;-2.85317;-3.56713;-2.19285;-3.59437;-5.28376;-2.54808;-4.02508;-2.05507;-5.93417;-7.09787;-9.95759;-9.69203;-9.19569;-9.90786;-8.77449;-9.78521;10.7651;
0.859143;-8.432;-2.57694;-6.28795;-5.74385;-4.03889;-5.04182;-1.09736;-7.6034;-6.29585;-1.70172;-1.59117;-0.573142;-3.5066;-4.25802;-4.6308;-5.94096;-4.4852;-6.90713;-4.49059;-5.38959;-3.83633;-3.93976;-4.4517;-2.78541;-2.96874;-3.92623;-4.18794;-2.94479;-6.85748;-3.57364;-3.54919;-5.14809;-4.74333;-5.25814;-4.88365;-6.12392;-4.13583;-3.26508;-4.49809;-6.62034;-5.63358;-4.81457;-6.26837;-3.7045;-3.32487;-8.54337;-3.07753;-4.81528;-4.27415;-5.91138;-7.65001;-5.58452;-8.35146;-5.77911;-6.33595;-3.12724;0.848205;-2.83911;-5.66902;-1.58372;-3.18404;-0.669009;-3.32592;-1.41055;-2.64552;-2.51014;-2.69028;-5.79133;-3.23499;-2.03957;-1.22364;-2.01063;-2.13571;-4.82727;-1.33213;-0.931005;-2.83607;-3.54931;-2.20767;-3.57704;-5.27313;-2.55221;-4.02454;-2.0521;-5.92135;-7.10359;-9.9581;-9.68994;-9.19431;-9.90146;-8.7753;-9.77458;10.7653;
0.852977;-8.43443;-2.59907;-6.28837;-5.72217;-4.02964;-5.03201;-1.08222;-7.59915;-6.27511;-1.69043;-1.59266;-0.610307;-3.49739;-4.25674;-4.61921;-5.937;-4.48333;-6.89886;-4.46344;-5.40012;-3.82825;-3.93032;-4.44229;-2.77955;-2.96009;-3.92589;-4.17244;-2.93513;-6.86579;-3.56697;-3.55171;-5.12924;-4.72909;-5.25447;-4.88402;-6.10759;-4.14003;-3.2821;-4.50278;-6.61067;-5.62826;-4.81776;-6.26115;-3.70478;-3.28726;-8.5283;-3.08291;-4.81795;-4.27866;-5.91582;-7.64468;-5.57869;-8.35253;-5.78342;-6.31984;-3.12559;0.847559;-2.81238;-5.64655;-1.58056;-3.17296;-0.676066;-3.32579;-1.39568;-2.66201;-2.51235;-2.69769;-5.77209;-3.22407;-2.02931;-1.23075;-2.00427;-2.12651;-4.8208;-1.33479;-0.937722;-2.81831;-3.53153;-2.2222;-3.56016;-5.26185;-2.55589;-4.02343;-2.04863;-5.90795;-7.10836;-9.95797;-9.68673;-9.19204;-9.89451;-8.77558;-9.76327;10.7651;
0.846543;-8.43529;-2.62115;-6.28783;-5.69978;-4.01878;-5.02177;-1.06658;-7.5938;-6.25235;-1.67949;-1.59341;-0.647048;-3.48842;-4.25449;-4.60715;-5.93303;-4.4801;-6.89033;-4.43494;-5.41014;-3.81955;-3.91985;-4.43251;-2.77329;-2.95189;-3.92504;-4.15636;-2.92508;-6.87321;-3.56003;-3.55422;-5.11045;-4.71448;-5.25063;-4.88377;-6.09027;-4.14361;-3.29806;-4.50638;-6.59991;-5.6223;-4.82064;-6.25374;-3.70513;-3.24894;-8.51277;-3.08786;-4.81952;-4.28243;-5.92042;-7.63886;-5.57289;-8.35279;-5.78751;-6.30324;-3.12344;0.84649;-2.78581;-5.62406;-1.57749;-3.16109;-0.682663;-3.32576;-1.38051;-2.67788;-2.51534;-2.70478;-5.75227;-3.21288;-2.01861;-1.23784;-1.99791;-2.11792;-4.81464;-1.33678;-0.944124;-2.79991;-3.51377;-2.23644;-3.54383;-5.24983;-2.55908;-4.02172;-2.04465;-5.89388;-7.1121;-9.95706;-9.68231;-9.18881;-9.88692;-8.77522;-9.75119;10.7646;
0.839801;-8.43443;-2.64306;-6.28621;-5.67661;-4.00632;-5.01103;-1.05048;-7.58727;-6.22741;-1.66896;-1.59345;-0.683359;-3.47955;-4.25126;-4.59462;-5.92894;-4.47538;-6.88142;-4.40509;-5.41958;-3.81019;-3.90826;-4.42231;-2.76661;-2.94407;-3.9236;-4.13968;-2.9145;-6.8797;-3.55268;-3.55677;-5.09166;-4.69943;-5.24655;-4.88279;-6.07193;-4.14653;-3.31276;-4.50883;-6.58799;-5.61564;-4.82321;-6.24611;-3.70549;-3.2098;-8.49667;-3.09236;-4.81982;-4.28536;-5.92511;-7.63244;-5.56714;-8.35219;-5.79128;-6.28612;-3.12073;0.845033;-2.75938;-5.60159;-1.5745;-3.14847;-0.688852;-3.32578;-1.36506;-2.69314;-2.5191;-2.7115;-5.73185;-3.2014;-2.00756;-1.24489;-1.99152;-2.10997;-4.80876;-1.33815;-0.950274;-2.78095;-3.49599;-2.25037;-3.52815;-5.23699;-2.56177;-4.01937;-2.04014;-5.87905;-7.11474;-9.95524;-9.67657;-9.18456;-9.8786;-8.77411;-9.73828;10.7637;
0.832689;-8.43172;-2.66472;-6.28335;-5.65254;-3.99223;-4.99976;-1.03391;-7.57945;-6.20011;-1.65891;-1.59286;-0.719229;-3.4707;-4.24703;-4.58161;-5.9246;-4.46902;-6.87202;-4.37387;-5.42835;-3.80017;-3.89543;-4.41163;-2.7595;-2.93658;-3.92148;-4.12238;-2.90326;-6.88517;-3.54474;-3.55942;-5.07283;-4.68392;-5.24212;-4.88101;-6.05254;-4.14879;-3.32598;-4.51006;-6.57483;-5.60818;-4.82547;-6.23823;-3.70582;-3.16969;-8.47988;-3.09635;-4.81868;-4.28736;-5.92985;-7.62531;-5.56144;-8.35069;-5.79466;-6.26846;-3.11738;0.843217;-2.73309;-5.5792;-1.57157;-3.13511;-0.694673;-3.32577;-1.34936;-2.70779;-2.52362;-2.71779;-5.71083;-3.18961;-1.99624;-1.25185;-1.98506;-2.10268;-4.80315;-1.33892;-0.956233;-2.76148;-3.47815;-2.26397;-3.51322;-5.22325;-2.56389;-4.01633;-2.03509;-5.86338;-7.11619;-9.95239;-9.66941;-9.17925;-9.86948;-8.77219;-9.72443;10.7624;
0.825117;-8.427;-2.68601;-6.27911;-5.62745;-3.97644;-4.9879;-1.01689;-7.57026;-6.17028;-1.64943;-1.5917;-0.754641;-3.46172;-4.24177;-4.56807;-5.91986;-4.4609;-6.86207;-4.34127;-5.43639;-3.78948;-3.88126;-4.40042;-2.75193;-2.92942;-3.91862;-4.10445;-2.89124;-6.88956;-3.53605;-3.56226;-5.05388;-4.6679;-5.23722;-4.87832;-6.03207;-4.15035;-3.33743;-4.50999;-6.56035;-5.59983;-4.82742;-6.23009;-3.70605;-3.12849;-8.46229;-3.09981;-4.81594;-4.28835;-5.93458;-7.61737;-5.55579;-8.34829;-5.79755;-6.25027;-3.11331;0.841058;-2.70691;-5.55693;-1.56871;-3.12098;-0.700159;-3.32571;-1.33341;-2.72181;-2.52885;-2.72359;-5.6892;-3.17748;-1.98473;-1.25868;-1.97847;-2.09611;-4.79778;-1.33912;-0.962065;-2.74157;-3.46016;-2.27724;-3.49916;-5.20854;-2.56537;-4.01256;-2.02946;-5.84677;-7.11638;-9.94835;-9.66074;-9.1728;-9.85946;-8.76935;-9.7096;10.7606;
0.816955;-8.42009;-2.70682;-6.2733;-5.60118;-3.95886;-4.97542;-0.999438;-7.55959;-6.13777;-1.64061;-1.59005;-0.789583;-3.4525;-4.23545;-4.55396;-5.91456;-4.45089;-6.85152;-4.30728;-5.44367;-3.77815;-3.86559;-4.38862;-2.7439;-2.92259;-3.91494;-4.08586;-2.87833;-6.89276;-3.52637;-3.56539;-5.03471;-4.65136;-5.2317;-4.87463;-6.01051;-4.15121;-3.34682;-4.50853;-6.54449;-5.5905;-4.8291;-6.2217;-3.70616;-3.08605;-8.44372;-3.10272;-4.81148;-4.28828;-5.93925;-7.60848;-5.55018;-8.34496;-5.79985;-6.23162;-3.10844;0.838557;-2.68082;-5.53487;-1.56594;-3.10601;-0.705325;-3.32554;-1.31723;-2.73521;-2.53474;-2.72884;-5.66695;-3.16499;-1.97316;-1.26532;-1.97168;-2.09035;-4.79265;-1.33873;-0.967837;-2.7213;-3.44196;-2.29015;-3.48607;-5.19278;-2.56616;-4.00799;-2.02324;-5.82914;-7.11526;-9.94302;-9.65046;-9.16516;-9.84847;-8.76554;-9.69372;10.7584;
0.808011;-8.41081;-2.72701;-6.26573;-5.57358;-3.93932;-4.96228;-0.981586;-7.54734;-6.10243;-1.63257;-1.58798;-0.824047;-3.44291;-4.22804;-4.53923;-5.90853;-4.43885;-6.84036;-4.27193;-5.45018;-3.76628;-3.84826;-4.37619;-2.73538;-2.91615;-3.91038;-4.06661;-2.86442;-6.89466;-3.51547;-3.56897;-5.01518;-4.6343;-5.22537;-4.86984;-5.98782;-4.15135;-3.35375;-4.50556;-6.5272;-5.58008;-4.83055;-6.21311;-3.70608;-3.04219;-8.42396;-3.10504;-4.80515;-4.28712;-5.94381;-7.59848;-5.54462;-8.34075;-5.80148;-6.21259;-3.10269;0.835692;-2.65479;-5.51311;-1.56328;-3.09006;-0.710163;-3.32522;-1.30082;-2.74794;-2.5412;-2.73346;-5.64406;-3.15208;-1.96166;-1.27171;-1.96457;-2.0855;-4.78777;-1.33774;-0.973619;-2.70076;-3.42345;-2.30267;-3.47409;-5.17592;-2.56613;-4.0026;-2.01643;-5.81041;-7.11276;-9.93624;-9.6385;-9.15626;-9.83644;-8.76069;-9.67674;10.7556;
0.798005;-8.39894;-2.74642;-6.25618;-5.54443;-3.91759;-4.94841;-0.963359;-7.53339;-6.06413;-1.62547;-1.58555;-0.858044;-3.4328;-4.21944;-4.52375;-5.90155;-4.42465;-6.82866;-4.23525;-5.45594;-3.754;-3.82903;-4.36311;-2.72635;-2.9102;-3.90486;-4.04665;-2.84947;-6.89514;-3.50302;-3.57318;-4.99508;-4.61676;-5.21796;-4.86385;-5.96393;-4.15077;-3.35777;-4.50094;-6.50841;-5.56845;-4.83182;-6.20439;-3.70579;-2.99673;-8.40276;-3.10678;-4.7968;-4.28487;-5.94823;-7.5872;-5.53906;-8.3357;-5.80232;-6.19335;-3.096;0.832421;-2.62876;-5.49181;-1.56079;-3.07291;-0.714636;-3.32473;-1.2842;-2.75997;-2.54809;-2.73739;-5.62052;-3.13872;-1.95039;-1.27775;-1.95698;-2.08174;-4.78318;-1.33606;-0.97949;-2.68007;-3.40452;-2.31474;-3.46332;-5.1579;-2.56516;-3.99632;-2.009;-5.79052;-7.10886;-9.92789;-9.62476;-9.14602;-9.82328;-8.75475;-9.65862;10.7524;
0.786517;-8.38418;-2.76487;-6.24441;-5.51349;-3.89336;-4.93374;-0.944789;-7.51763;-6.02278;-1.6195;-1.58279;-0.891615;-3.422;-4.20959;-4.50741;-5.89337;-4.40822;-6.81662;-4.19733;-5.46103;-3.74157;-3.80762;-4.34938;-2.71672;-2.90493;-3.89827;-4.02591;-2.83342;-6.89398;-3.48864;-3.5783;-4.9741;-4.59881;-5.20913;-4.85656;-5.93876;-4.14946;-3.35833;-4.4945;-6.48811;-5.55549;-4.83301;-6.19569;-3.70525;-2.94945;-8.37975;-3.10791;-4.7863;-4.28159;-5.95247;-7.57438;-5.53347;-8.32997;-5.80223;-6.17415;-3.0883;0.828669;-2.60263;-5.47116;-1.55857;-3.0542;-0.718665;-3.32404;-1.2674;-2.77124;-2.55519;-2.74058;-5.59635;-3.12486;-1.93955;-1.2833;-1.94868;-2.07931;-4.77891;-1.33359;-0.985529;-2.65936;-3.38507;-2.32626;-3.45393;-5.1387;-2.56309;-3.98911;-2.00099;-5.76944;-7.10352;-9.91783;-9.60915;-9.13435;-9.8089;-8.74766;-9.63933;10.7485;
0.772918;-8.3662;-2.78207;-6.2302;-5.48049;-3.86614;-4.91816;-0.925907;-7.49993;-5.97832;-1.61491;-1.57972;-0.924865;-3.41034;-4.19838;-4.48998;-5.88366;-4.38949;-6.80459;-4.15832;-5.46559;-3.72935;-3.78361;-4.33508;-2.70636;-2.90061;-3.89046;-4.00428;-2.81632;-6.89095;-3.47182;-3.58473;-4.95179;-4.58063;-5.19841;-4.84788;-5.91218;-4.1474;-3.35476;-4.48603;-6.46627;-5.54107;-4.83421;-6.18724;-3.70448;-2.90008;-8.35446;-3.10843;-4.7735;-4.27741;-5.9565;-7.5597;-5.52772;-8.32375;-5.80106;-6.15541;-3.07959;0.82433;-2.57626;-5.45143;-1.55678;-3.03341;-0.722107;-3.32317;-1.2505;-2.78165;-2.56218;-2.74301;-5.5716;-3.11041;-1.92944;-1.28813;-1.93936;-2.07853;-4.77507;-1.33014;-0.991833;-2.63881;-3.36499;-2.33707;-3.44608;-5.1183;-2.55971;-3.9809;-1.99246;-5.74724;-7.09677;-9.90598;-9.59158;-9.12113;-9.79323;-8.73935;-9.61887;10.7441;
0.756253;-8.3445;-2.79769;-6.2133;-5.44507;-3.83532;-4.90152;-0.906724;-7.48013;-5.93077;-1.61204;-1.57623;-0.958003;-3.3976;-4.18571;-4.47116;-5.87198;-4.36852;-6.79315;-4.1185;-5.46987;-3.71798;-3.75647;-4.32036;-2.695;-2.89764;-3.88124;-3.98153;-2.79826;-6.88565;-3.45194;-3.59309;-4.92746;-4.56251;-5.18515;-4.83778;-5.88401;-4.14459;-3.34622;-4.47526;-6.44293;-5.52507;-4.8356;-6.17941;-3.70354;-2.8483;-8.32628;-3.10837;-4.75828;-4.27259;-5.96033;-7.54272;-5.52166;-8.31744;-5.7986;-6.1378;-3.06995;0.819249;-2.54943;-5.43301;-1.5557;-3.00973;-0.724735;-3.32214;-1.23358;-2.79102;-2.56863;-2.74468;-5.54638;-3.09524;-1.92042;-1.29188;-1.92857;-2.07984;-4.77187;-1.32544;-0.998521;-2.61863;-3.3442;-2.34695;-3.43999;-5.09678;-2.55473;-3.97166;-1.98359;-5.72408;-7.08872;-9.89226;-9.57199;-9.10626;-9.7762;-8.72979;-9.59728;10.7388;
0.735065;-8.31843;-2.81123;-6.19355;-5.40679;-3.79996;-4.88356;-0.887203;-7.45811;-5.88023;-1.61132;-1.57213;-0.991438;-3.38359;-4.17149;-4.45047;-5.85768;-4.34556;-6.78324;-4.0783;-5.47428;-3.70841;-3.72545;-4.30561;-2.68207;-2.8966;-3.8703;-3.95723;-2.77952;-6.87755;-3.42815;-3.60438;-4.90006;-4.545;-5.16841;-4.82627;-5.85391;-4.141;-3.33176;-4.46183;-6.4182;-5.50738;-4.83743;-6.17278;-3.70262;-2.79371;-8.29443;-3.10779;-4.7405;-4.26762;-5.964;-7.52284;-5.51508;-8.31163;-5.79463;-6.12242;-3.05963;0.813214;-2.5218;-5.41647;-1.55576;-2.98193;-0.726185;-3.32104;-1.21682;-2.79906;-2.57393;-2.74576;-5.52089;-3.0791;-1.91305;-1.29393;-1.91579;-2.08383;-4.76968;-1.31911;-1.00576;-2.59904;-3.32273;-2.35563;-3.43599;-5.07432;-2.54776;-3.96136;-1.97474;-5.70037;-7.07962;-9.87674;-9.55033;-9.08963;-9.75783;-8.71894;-9.57471;10.7324;
0.707095;-8.28708;-2.82201;-6.171;-5.36509;-3.75879;-4.8639;-0.867228;-7.43375;-5.82699;-1.61327;-1.56704;-1.02593;-3.36818;-4.15579;-4.4272;-5.83981;-4.32124;-6.77631;-4.03842;-5.47944;-3.70216;-3.68959;-4.29159;-2.66652;-2.8983;-3.85709;-3.93053;-2.76062;-6.86587;-3.39938;-3.62026;-4.86808;-4.52912;-5.14677;-4.81343;-5.82134;-4.13662;-3.3103;-4.44538;-6.39231;-5.48797;-4.84009;-6.16827;-3.70225;-2.73591;-8.25803;-3.10689;-4.72008;-4.26332;-5.96768;-7.4993;-5.50777;-8.30737;-5.78891;-6.11117;-3.04927;0.805912;-2.4929;-5.4026;-1.55773;-2.94815;-0.725885;-3.31996;-1.20048;-2.80519;-2.57729;-2.74674;-5.49558;-3.06142;-1.90816;-1.29328;-1.90041;-2.09121;-4.76926;-1.31055;-1.0138;-2.58024;-3.30079;-2.36293;-3.43466;-5.05135;-2.53827;-3.95011;-1.96665;-5.67692;-7.07006;-9.85973;-9.52675;-9.07131;-9.73828;-8.70689;-9.55155;10.7243;
0.668787;-8.24926;-2.82906;-6.14613;-5.3193;-3.70996;-4.84197;-0.846577;-7.40708;-5.77164;-1.61848;-1.56035;-1.06282;-3.35149;-4.139;-4.40022;-5.81686;-4.29693;-6.77447;-3.99998;-5.48632;-3.70167;-3.64775;-4.27975;-2.64636;-2.90391;-3.84063;-3.89984;-2.7426;-6.84956;-3.36423;-3.64366;-4.82929;-4.51677;-5.11803;-4.79943;-5.78528;-4.13133;-3.2808;-4.42551;-6.36581;-5.46693;-4.84423;-6.16735;-3.70351;-2.67459;-8.21626;-3.10613;-4.69702;-4.26118;-5.97175;-7.47124;-5.49975;-8.30648;-5.78121;-6.10737;-3.04032;0.79685;-2.46209;-5.39253;-1.56299;-2.90555;-0.72292;-3.31895;-1.18497;-2.80828;-2.57774;-2.74881;-5.47125;-3.04093;-1.90707;-1.2882;-1.88204;-2.10277;-4.77204;-1.29888;-1.02305;-2.56218;-3.27908;-2.36902;-3.43716;-5.02878;-2.52552;-3.93823;-1.96069;-5.65534;-7.06126;-9.84207;-9.50173;-9.05184;-9.71818;-8.69397;-9.52866;10.7137;
0.614494;-8.20284;-2.83092;-6.11993;-5.26831;-3.6506;-4.81652;-0.824486;-7.37804;-5.71498;-1.62715;-1.55107;-1.10415;-3.3341;-4.122;-4.36741;-5.78608;-4.27496;-6.78037;-3.96439;-5.49582;-3.71047;-3.59864;-4.2726;-2.61778;-2.9148;-3.819;-3.86189;-2.72712;-6.82664;-3.3209;-3.67927;-4.78042;-4.51112;-5.07842;-4.78421;-5.74337;-4.12455;-3.24266;-4.40144;-6.33973;-5.4445;-4.85095;-6.17222;-3.70861;-2.60988;-8.16825;-3.10645;-4.67142;-4.26355;-5.97687;-7.43759;-5.49156;-8.31183;-5.77103;-6.11665;-3.0352;0.785379;-2.42878;-5.38764;-1.57376;-2.84978;-0.715761;-3.31777;-1.17077;-2.80597;-2.5742;-2.75428;-5.4494;-3.01468;-1.91198;-1.27598;-1.86122;-2.11903;-4.78048;-1.28271;-1.03418;-2.54418;-3.25932;-2.37496;-3.44562;-5.00848;-2.50823;-3.92628;-1.95907;-5.63814;-7.05523;-9.82522;-9.47633;-9.03247;-9.69856;-8.68085;-9.50752;10.6987;
0.535905;-8.14531;-2.82621;-6.09513;-5.21116;-3.57663;-4.78576;-0.799679;-7.34751;-5.65843;-1.63854;-1.53862;-1.15345;-3.3186;-4.10712;-4.3253;-5.7432;-4.2595;-6.79724;-3.93352;-5.50988;-3.73457;-3.54271;-4.27531;-2.57387;-2.93288;-3.78897;-3.81097;-2.71773;-6.79525;-3.26783;-3.73585;-4.71826;-4.51765;-5.02239;-4.76829;-5.69084;-4.11629;-3.19764;-4.37314;-6.31784;-5.4223;-4.86304;-6.18776;-3.72201;-2.54475;-8.1142;-3.11125;-4.64421;-4.27529;-5.98479;-7.39944;-5.48594;-8.32919;-5.75843;-6.14936;-3.03847;0.770068;-2.39315;-5.3898;-1.59367;-2.77453;-0.701711;-3.31567;-1.15822;-2.79352;-2.56575;-2.76856;-5.43361;-2.97628;-1.92685;-1.25213;-1.84113;-2.14003;-4.7993;-1.25909;-1.04854;-2.52442;-3.24493;-2.38476;-3.46432;-4.99566;-2.48451;-3.9168;-1.96534;-5.62953;-7.05654;-9.81314;-9.45387;-9.01768;-9.68253;-8.67009;-9.49181;10.6766;
0.420785;-8.08238;-2.81434;-6.08445;-5.15087;-3.48499;-4.75126;-0.778899;-7.32512;-5.61242;-1.65276;-1.5267;-1.21852;-3.3132;-4.1023;-4.27142;-5.68518;-4.26346;-6.83112;-3.91455;-5.53559;-3.78806;-3.48811;-4.30234;-2.50639;-2.96706;-3.74638;-3.74079;-2.72381;-6.76358;-3.2044;-3.83402;-4.6431;-4.55231;-4.94071;-4.75446;-5.62154;-4.10974;-3.15197;-4.34593;-6.31429;-5.4066;-4.88768;-6.22318;-3.75215;-2.49057;-8.06165;-3.13227;-4.61834;-4.30558;-6.00233;-7.36499;-5.49355;-8.37603;-5.74998;-6.22837;-3.06822;0.743392;-2.35678;-5.40295;-1.62937;-2.6711;-0.674989;-3.31213;-1.1491;-2.76339;-2.55292;-2.80929;-5.43559;-2.91001;-1.95782;-1.21055;-1.82977;-2.1633;-4.84048;-1.22326;-1.06667;-2.49695;-3.24258;-2.40945;-3.50115;-5.00363;-2.45399;-3.92163;-1.98788;-5.64295;-7.08052;-9.82061;-9.44793;-9.02471;-9.6837;-8.67336;-9.49494;10.6427;
0.246428;-8.0111;-2.80054;-6.09159;-5.07393;-3.36637;-4.70295;-0.766889;-7.30787;-5.58427;-1.65243;-1.52214;-1.30167;-3.31503;-4.10308;-4.18792;-5.58549;-4.28747;-6.87414;-3.89967;-5.559;-3.87167;-3.43782;-4.36346;-2.40305;-3.01834;-3.67203;-3.63243;-2.7466;-6.73626;-3.13243;-3.98322;-4.54852;-4.63109;-4.80373;-4.72759;-5.50075;-4.0913;-3.11637;-4.31638;-6.34273;-5.39596;-4.92415;-6.28359;-3.81307;-2.46692;-8.00631;-3.18056;-4.59958;-4.36255;-6.03639;-7.33527;-5.52358;-8.46461;-5.74197;-6.38162;-3.13639;0.702056;-2.32993;-5.42249;-1.68939;-2.52326;-0.623756;-3.29489;-1.1353;-2.6925;-2.54068;-2.89443;-5.46013;-2.7728;-2.00586;-1.14153;-1.84883;-2.17938;-4.90788;-1.16114;-1.08655;-2.45023;-3.27808;-2.4649;-3.55931;-5.04524;-2.40239;-3.9393;-2.03126;-5.68103;-7.13854;-9.85537;-9.46446;-9.06581;-9.70649;-8.69248;-9.51567;10.5762;
-0.00844702;-7.94116;-2.80379;-6.11204;-4.97604;-3.17818;-4.62419;-0.774724;-7.30525;-5.57569;-1.572;-1.49703;-1.38137;-3.33126;-4.11173;-4.05291;-5.40458;-4.32591;-6.87051;-3.87928;-5.55387;-3.97511;-3.42993;-4.48931;-2.24311;-3.03194;-3.54455;-3.4703;-2.78491;-6.76703;-3.04735;-4.2078;-4.42851;-4.71959;-4.5959;-4.62986;-5.21504;-4.06973;-3.1059;-4.29293;-6.44952;-5.34782;-4.94132;-6.36608;-3.90028;-2.51219;-7.92876;-3.27492;-4.58771;-4.40365;-6.11324;-7.30925;-5.586;-8.60106;-5.72129;-6.62606;-3.26618;0.662537;-2.33555;-5.47976;-1.82222;-2.35106;-0.523257;-3.22305;-1.07943;-2.54946;-2.55811;-3.01158;-5.54194;-2.5166;-2.05574;-0.992697;-1.92976;-2.15213;-4.94536;-1.01445;-1.09585;-2.38331;-3.37721;-2.60664;-3.62373;-5.16637;-2.30677;-3.99949;-2.05948;-5.69706;-7.24273;-9.93052;-9.49498;-9.15464;-9.74934;-8.7313;-9.53242;10.4555;
-0.437536;-7.89823;-2.83382;-6.32579;-5.05263;-3.12223;-4.74299;-1.06975;-7.4566;-5.90047;-1.5333;-1.42781;-1.2282;-3.47916;-4.29789;-4.04955;-5.0888;-4.45835;-6.89096;-3.82101;-5.51777;-4.10891;-3.25393;-4.67225;-2.16453;-3.31288;-3.57367;-3.18341;-3.02578;-6.86297;-3.06174;-4.46128;-4.24865;-4.92274;-4.51971;-4.29834;-4.92067;-3.83376;-3.19499;-4.3328;-6.77575;-5.44252;-4.84612;-6.43588;-4.14847;-2.47672;-8.11072;-3.33505;-4.63021;-4.31813;-6.35497;-7.09548;-5.84893;-8.9248;-5.77867;-7.0378;-3.66968;0.736364;-2.26968;-5.65072;-2.14396;-2.41528;-0.346477;-2.93594;-1.06358;-2.16366;-2.85012;-3.17965;-5.7616;-2.09421;-2.01509;-0.818176;-2.06153;-2.03422;-4.90695;-0.890219;-1.03996;-2.14336;-3.45329;-3.01251;-3.72771;-5.41179;-2.24777;-4.05384;-2.26473;-5.84531;-7.53616;-10.2401;-9.7014;-9.41602;-9.97078;-8.881;-9.68093;10.256;
-1.73165;-7.00825;-2.97548;-5.09479;-3.52961;-2.53844;-4.85531;0.946497;-6.18895;-4.41611;0.133344;1.33573;0.522463;-3.08768;-3.72695;-4.11455;-4.19035;-3.00493;-6.14844;-2.44428;-4.81194;-2.439;-3.20068;-3.75938;0.722934;-0.977203;-3.15261;0.0681961;-0.874636;-6.15538;-2.94958;-3.17771;-3.03763;-3.66005;-4.39756;-3.51643;-3.2706;-2.18172;-3.24025;-2.86762;-5.02987;-4.32053;-3.93347;-5.23104;-4.79186;-2.33047;-6.12618;-2.80241;-3.23725;-3.78188;-5.84371;-6.23239;-5.91441;-7.18672;-4.56546;-5.90795;-2.8677;3.68021;-3.23676;-5.5866;-2.16743;-1.60908;-0.558633;-1.87078;-0.0406293;-4.12417;-4.43715;-1.67092;-4.91891;-2.69341;-1.55958;-0.664129;-2.87178;-1.43394;-2.94721;-0.447169;-0.191033;-1.39999;-3.58285;-3.03775;-3.9993;-4.22331;-0.818832;-2.39577;-2.01821;-3.81888;-5.8324;-8.59077;-8.57352;-8.01219;-8.32239;-7.52646;-8.12765;9.72068;
